last_name,first_name,address1,address2,city,state,zip_code
779,Potential Winner,Lamberts - 401 West 2nd Street,,Austin,TX,78701
640,Potential Winner,Lamberts - 401 West 2nd Street,,Austin,TX,78701
67,Potential Winner,Lamberts - 401 West 2nd Street,,Austin,TX,78701
466,Potential Winner,Lamberts - 401 West 2nd Street,,Austin,TX,78701
475,Potential Winner,Lamberts - 401 West 2nd Street,,Austin,TX,78701
40,Potential Winner,Lamberts - 401 West 2nd Street,,Austin,TX,78701
465,Potential Winner,Lamberts - 401 West 2nd Street,,Austin,TX,78701
855,Potential Winner,Lamberts - 401 West 2nd Street,,Austin,TX,78701
258,Potential Winner,Lamberts - 401 West 2nd Street,,Austin,TX,78701
333,Potential Winner,Lamberts - 401 West 2nd Street,,Austin,TX,78701
833,Potential Winner,Lamberts - 401 West 2nd Street,,Austin,TX,78701
908,Potential Winner,Lamberts - 401 West 2nd Street,,Austin,TX,78701
275,Potential Winner,Lamberts - 401 West 2nd Street,,Austin,TX,78701
525,Potential Winner,Lamberts - 401 West 2nd Street,,Austin,TX,78701
367,Potential Winner,Lamberts - 401 West 2nd Street,,Austin,TX,78701
188,Potential Winner,Lamberts - 401 West 2nd Street,,Austin,TX,78701
204,Potential Winner,Lamberts - 401 West 2nd Street,,Austin,TX,78701
690,Potential Winner,Lamberts - 401 West 2nd Street,,Austin,TX,78701
187,Potential Winner,Lamberts - 401 West 2nd Street,,Austin,TX,78701
270,Potential Winner,Lamberts - 401 West 2nd Street,,Austin,TX,78701
532,Potential Winner,Lamberts - 401 West 2nd Street,,Austin,TX,78701
604,Potential Winner,Lamberts - 401 West 2nd Street,,Austin,TX,78701
145,Potential Winner,Lamberts - 401 West 2nd Street,,Austin,TX,78701
715,Potential Winner,Lamberts - 401 West 2nd Street,,Austin,TX,78701
485,Potential Winner,Lamberts - 401 West 2nd Street,,Austin,TX,78701
673,Potential Winner,Lamberts - 401 West 2nd Street,,Austin,TX,78701
143,Potential Winner,Lamberts - 401 West 2nd Street,,Austin,TX,78701
512,Potential Winner,Lamberts - 401 West 2nd Street,,Austin,TX,78701
150,Potential Winner,Lamberts - 401 West 2nd Street,,Austin,TX,78701
789,Potential Winner,Lamberts - 401 West 2nd Street,,Austin,TX,78701
542,Potential Winner,Lamberts - 401 West 2nd Street,,Austin,TX,78701
203,Potential Winner,Lamberts - 401 West 2nd Street,,Austin,TX,78701
482,Potential Winner,Lamberts - 401 West 2nd Street,,Austin,TX,78701
854,Potential Winner,Lamberts - 401 West 2nd Street,,Austin,TX,78701
561,Potential Winner,Lamberts - 401 West 2nd Street,,Austin,TX,78701
331,Potential Winner,Lamberts - 401 West 2nd Street,,Austin,TX,78701
856,Potential Winner,Lamberts - 401 West 2nd Street,,Austin,TX,78701
904,Potential Winner,Lamberts - 401 West 2nd Street,,Austin,TX,78701
357,Potential Winner,Lamberts - 401 West 2nd Street,,Austin,TX,78701
842,Potential Winner,Lamberts - 401 West 2nd Street,,Austin,TX,78701
34,Potential Winner,Lamberts - 401 West 2nd Street,,Austin,TX,78701
479,Potential Winner,Lamberts - 401 West 2nd Street,,Austin,TX,78701
46,Potential Winner,Lamberts - 401 West 2nd Street,,Austin,TX,78701
143,Potential Winner,Lamberts - 401 West 2nd Street,,Austin,TX,78701
118,Potential Winner,Lamberts - 401 West 2nd Street,,Austin,TX,78701
706,Potential Winner,Lamberts - 401 West 2nd Street,,Austin,TX,78701
727,Potential Winner,Lamberts - 401 West 2nd Street,,Austin,TX,78701
747,Potential Winner,Lamberts - 401 West 2nd Street,,Austin,TX,78701
343,Potential Winner,Lamberts - 401 West 2nd Street,,Austin,TX,78701
881,Potential Winner,Lamberts - 401 West 2nd Street,,Austin,TX,78701
250,Potential Winner,Lamberts - 401 West 2nd Street,,Austin,TX,78701
397,Potential Winner,Lamberts - 401 West 2nd Street,,Austin,TX,78701
357,Potential Winner,Lamberts - 401 West 2nd Street,,Austin,TX,78701
398,Potential Winner,Lamberts - 401 West 2nd Street,,Austin,TX,78701
491,Potential Winner,Lamberts - 401 West 2nd Street,,Austin,TX,78701
268,Potential Winner,Lamberts - 401 West 2nd Street,,Austin,TX,78701
184,Potential Winner,Lamberts - 401 West 2nd Street,,Austin,TX,78701
764,Potential Winner,Lamberts - 401 West 2nd Street,,Austin,TX,78701
611,Potential Winner,Lamberts - 401 West 2nd Street,,Austin,TX,78701
861,Potential Winner,Lamberts - 401 West 2nd Street,,Austin,TX,78701
478,Potential Winner,Lamberts - 401 West 2nd Street,,Austin,TX,78701
348,Potential Winner,Lamberts - 401 West 2nd Street,,Austin,TX,78701
71,Potential Winner,Lamberts - 401 West 2nd Street,,Austin,TX,78701
101,Potential Winner,Lamberts - 401 West 2nd Street,,Austin,TX,78701
934,Potential Winner,Lamberts - 401 West 2nd Street,,Austin,TX,78701
821,Potential Winner,Lamberts - 401 West 2nd Street,,Austin,TX,78701
223,Potential Winner,Lamberts - 401 West 2nd Street,,Austin,TX,78701
14,Potential Winner,Lamberts - 401 West 2nd Street,,Austin,TX,78701
282,Potential Winner,Lamberts - 401 West 2nd Street,,Austin,TX,78701
766,Potential Winner,Lamberts - 401 West 2nd Street,,Austin,TX,78701
960,Potential Winner,Lamberts - 401 West 2nd Street,,Austin,TX,78701
347,Potential Winner,Lamberts - 401 West 2nd Street,,Austin,TX,78701
393,Potential Winner,Lamberts - 401 West 2nd Street,,Austin,TX,78701
341,Potential Winner,Lamberts - 401 West 2nd Street,,Austin,TX,78701
95,Potential Winner,Lamberts - 401 West 2nd Street,,Austin,TX,78701
330,Potential Winner,Lamberts - 401 West 2nd Street,,Austin,TX,78701
28,Potential Winner,Lamberts - 401 West 2nd Street,,Austin,TX,78701
216,Potential Winner,Lamberts - 401 West 2nd Street,,Austin,TX,78701
31,Potential Winner,Lamberts - 401 West 2nd Street,,Austin,TX,78701
8,Potential Winner,Lamberts - 401 West 2nd Street,,Austin,TX,78701
38,Potential Winner,Lamberts - 401 West 2nd Street,,Austin,TX,78701
385,Potential Winner,Lamberts - 401 West 2nd Street,,Austin,TX,78701
824,Potential Winner,Lamberts - 401 West 2nd Street,,Austin,TX,78701
633,Potential Winner,Lamberts - 401 West 2nd Street,,Austin,TX,78701
324,Potential Winner,Lamberts - 401 West 2nd Street,,Austin,TX,78701
591,Potential Winner,Lamberts - 401 West 2nd Street,,Austin,TX,78701
467,Potential Winner,Lamberts - 401 West 2nd Street,,Austin,TX,78701
705,Potential Winner,Lamberts - 401 West 2nd Street,,Austin,TX,78701
258,Potential Winner,Lamberts - 401 West 2nd Street,,Austin,TX,78701
805,Potential Winner,Lamberts - 401 West 2nd Street,,Austin,TX,78701
194,Potential Winner,Lamberts - 401 West 2nd Street,,Austin,TX,78701
403,Potential Winner,Lamberts - 401 West 2nd Street,,Austin,TX,78701
805,Potential Winner,Lamberts - 401 West 2nd Street,,Austin,TX,78701
978,Potential Winner,Lamberts - 401 West 2nd Street,,Austin,TX,78701
961,Potential Winner,Lamberts - 401 West 2nd Street,,Austin,TX,78701
239,Potential Winner,Lamberts - 401 West 2nd Street,,Austin,TX,78701
280,Potential Winner,Lamberts - 401 West 2nd Street,,Austin,TX,78701
489,Potential Winner,Lamberts - 401 West 2nd Street,,Austin,TX,78701
192,Potential Winner,Lamberts - 401 West 2nd Street,,Austin,TX,78701
334,Potential Winner,Lamberts - 401 West 2nd Street,,Austin,TX,78701
972,Potential Winner,Lamberts - 401 West 2nd Street,,Austin,TX,78701
494,Potential Winner,Lamberts - 401 West 2nd Street,,Austin,TX,78701
698,Potential Winner,Lamberts - 401 West 2nd Street,,Austin,TX,78701
697,Potential Winner,Lamberts - 401 West 2nd Street,,Austin,TX,78701
702,Potential Winner,Lamberts - 401 West 2nd Street,,Austin,TX,78701
144,Potential Winner,Lamberts - 401 West 2nd Street,,Austin,TX,78701
153,Potential Winner,Lamberts - 401 West 2nd Street,,Austin,TX,78701
90,Potential Winner,Lamberts - 401 West 2nd Street,,Austin,TX,78701
306,Potential Winner,Lamberts - 401 West 2nd Street,,Austin,TX,78701
570,Potential Winner,Lamberts - 401 West 2nd Street,,Austin,TX,78701
618,Potential Winner,Lamberts - 401 West 2nd Street,,Austin,TX,78701
967,Potential Winner,Lamberts - 401 West 2nd Street,,Austin,TX,78701
783,Potential Winner,Lamberts - 401 West 2nd Street,,Austin,TX,78701
582,Potential Winner,Lamberts - 401 West 2nd Street,,Austin,TX,78701
329,Potential Winner,Lamberts - 401 West 2nd Street,,Austin,TX,78701
1,Potential Winner,Lamberts - 401 West 2nd Street,,Austin,TX,78701
57,Potential Winner,Lamberts - 401 West 2nd Street,,Austin,TX,78701
685,Potential Winner,Lamberts - 401 West 2nd Street,,Austin,TX,78701
984,Potential Winner,Lamberts - 401 West 2nd Street,,Austin,TX,78701
710,Potential Winner,Lamberts - 401 West 2nd Street,,Austin,TX,78701
60,Potential Winner,Lamberts - 401 West 2nd Street,,Austin,TX,78701
690,Potential Winner,Lamberts - 401 West 2nd Street,,Austin,TX,78701
462,Potential Winner,Lamberts - 401 West 2nd Street,,Austin,TX,78701
869,Potential Winner,Lamberts - 401 West 2nd Street,,Austin,TX,78701
517,Potential Winner,Lamberts - 401 West 2nd Street,,Austin,TX,78701
84,Potential Winner,Lamberts - 401 West 2nd Street,,Austin,TX,78701
153,Potential Winner,Lamberts - 401 West 2nd Street,,Austin,TX,78701
646,Potential Winner,Lamberts - 401 West 2nd Street,,Austin,TX,78701
631,Potential Winner,Lamberts - 401 West 2nd Street,,Austin,TX,78701
94,Potential Winner,Lamberts - 401 West 2nd Street,,Austin,TX,78701
465,Potential Winner,Lamberts - 401 West 2nd Street,,Austin,TX,78701
37,Potential Winner,Lamberts - 401 West 2nd Street,,Austin,TX,78701
31,Potential Winner,Lamberts - 401 West 2nd Street,,Austin,TX,78701
192,Potential Winner,Lamberts - 401 West 2nd Street,,Austin,TX,78701
707,Potential Winner,Lamberts - 401 West 2nd Street,,Austin,TX,78701
629,Potential Winner,Lamberts - 401 West 2nd Street,,Austin,TX,78701
33,Potential Winner,Lamberts - 401 West 2nd Street,,Austin,TX,78701
998,Potential Winner,Lamberts - 401 West 2nd Street,,Austin,TX,78701
264,Potential Winner,Lamberts - 401 West 2nd Street,,Austin,TX,78701
848,Potential Winner,Lamberts - 401 West 2nd Street,,Austin,TX,78701
750,Potential Winner,Lamberts - 401 West 2nd Street,,Austin,TX,78701
154,Potential Winner,Lamberts - 401 West 2nd Street,,Austin,TX,78701
420,Potential Winner,Lamberts - 401 West 2nd Street,,Austin,TX,78701
235,Potential Winner,Lamberts - 401 West 2nd Street,,Austin,TX,78701
198,Potential Winner,Lamberts - 401 West 2nd Street,,Austin,TX,78701
40,Potential Winner,Lamberts - 401 West 2nd Street,,Austin,TX,78701
773,Potential Winner,Lamberts - 401 West 2nd Street,,Austin,TX,78701
623,Potential Winner,Lamberts - 401 West 2nd Street,,Austin,TX,78701
784,Potential Winner,Lamberts - 401 West 2nd Street,,Austin,TX,78701
782,Potential Winner,Lamberts - 401 West 2nd Street,,Austin,TX,78701
836,Potential Winner,Lamberts - 401 West 2nd Street,,Austin,TX,78701
765,Potential Winner,Lamberts - 401 West 2nd Street,,Austin,TX,78701
390,Potential Winner,Lamberts - 401 West 2nd Street,,Austin,TX,78701
760,Potential Winner,Lamberts - 401 West 2nd Street,,Austin,TX,78701
839,Potential Winner,Lamberts - 401 West 2nd Street,,Austin,TX,78701
889,Potential Winner,Lamberts - 401 West 2nd Street,,Austin,TX,78701
388,Potential Winner,Lamberts - 401 West 2nd Street,,Austin,TX,78701
901,Potential Winner,Lamberts - 401 West 2nd Street,,Austin,TX,78701
45,Potential Winner,Lamberts - 401 West 2nd Street,,Austin,TX,78701
663,Potential Winner,Lamberts - 401 West 2nd Street,,Austin,TX,78701
252,Potential Winner,Lamberts - 401 West 2nd Street,,Austin,TX,78701
936,Potential Winner,Lamberts - 401 West 2nd Street,,Austin,TX,78701
956,Potential Winner,Lamberts - 401 West 2nd Street,,Austin,TX,78701
137,Potential Winner,Lamberts - 401 West 2nd Street,,Austin,TX,78701
781,Potential Winner,Lamberts - 401 West 2nd Street,,Austin,TX,78701
825,Potential Winner,Lamberts - 401 West 2nd Street,,Austin,TX,78701
711,Potential Winner,Lamberts - 401 West 2nd Street,,Austin,TX,78701
713,Potential Winner,Lamberts - 401 West 2nd Street,,Austin,TX,78701
858,Potential Winner,Lamberts - 401 West 2nd Street,,Austin,TX,78701
799,Potential Winner,Lamberts - 401 West 2nd Street,,Austin,TX,78701
872,Potential Winner,Lamberts - 401 West 2nd Street,,Austin,TX,78701
73,Potential Winner,Lamberts - 401 West 2nd Street,,Austin,TX,78701
751,Potential Winner,Lamberts - 401 West 2nd Street,,Austin,TX,78701
736,Potential Winner,Lamberts - 401 West 2nd Street,,Austin,TX,78701
353,Potential Winner,Lamberts - 401 West 2nd Street,,Austin,TX,78701
857,Potential Winner,Lamberts - 401 West 2nd Street,,Austin,TX,78701
547,Potential Winner,Lamberts - 401 West 2nd Street,,Austin,TX,78701
335,Potential Winner,Lamberts - 401 West 2nd Street,,Austin,TX,78701
273,Potential Winner,Lamberts - 401 West 2nd Street,,Austin,TX,78701
393,Potential Winner,Lamberts - 401 West 2nd Street,,Austin,TX,78701
43,Potential Winner,Lamberts - 401 West 2nd Street,,Austin,TX,78701
797,Potential Winner,Lamberts - 401 West 2nd Street,,Austin,TX,78701
24,Potential Winner,Lamberts - 401 West 2nd Street,,Austin,TX,78701
998,Potential Winner,Lamberts - 401 West 2nd Street,,Austin,TX,78701
676,Potential Winner,Lamberts - 401 West 2nd Street,,Austin,TX,78701
175,Potential Winner,Lamberts - 401 West 2nd Street,,Austin,TX,78701
330,Potential Winner,Lamberts - 401 West 2nd Street,,Austin,TX,78701
33,Potential Winner,Lamberts - 401 West 2nd Street,,Austin,TX,78701
595,Potential Winner,Lamberts - 401 West 2nd Street,,Austin,TX,78701
576,Potential Winner,Lamberts - 401 West 2nd Street,,Austin,TX,78701
600,Potential Winner,Lamberts - 401 West 2nd Street,,Austin,TX,78701
587,Potential Winner,Lamberts - 401 West 2nd Street,,Austin,TX,78701
251,Potential Winner,Lamberts - 401 West 2nd Street,,Austin,TX,78701
9,Potential Winner,Lamberts - 401 West 2nd Street,,Austin,TX,78701
20,Potential Winner,Lamberts - 401 West 2nd Street,,Austin,TX,78701
494,Potential Winner,Lamberts - 401 West 2nd Street,,Austin,TX,78701
954,Potential Winner,Lamberts - 401 West 2nd Street,,Austin,TX,78701
155,Potential Winner,Lamberts - 401 West 2nd Street,,Austin,TX,78701
402,Potential Winner,Lamberts - 401 West 2nd Street,,Austin,TX,78701
76,Potential Winner,Lamberts - 401 West 2nd Street,,Austin,TX,78701
492,Potential Winner,Lamberts - 401 West 2nd Street,,Austin,TX,78701
471,Potential Winner,Lamberts - 401 West 2nd Street,,Austin,TX,78701
20,Potential Winner,Lamberts - 401 West 2nd Street,,Austin,TX,78701
934,Potential Winner,Lamberts - 401 West 2nd Street,,Austin,TX,78701
320,Potential Winner,Lamberts - 401 West 2nd Street,,Austin,TX,78701
33,Potential Winner,Lamberts - 401 West 2nd Street,,Austin,TX,78701
633,Potential Winner,Lamberts - 401 West 2nd Street,,Austin,TX,78701
967,Potential Winner,Lamberts - 401 West 2nd Street,,Austin,TX,78701
369,Potential Winner,Lamberts - 401 West 2nd Street,,Austin,TX,78701
795,Potential Winner,Lamberts - 401 West 2nd Street,,Austin,TX,78701
803,Potential Winner,Lamberts - 401 West 2nd Street,,Austin,TX,78701
803,Potential Winner,Lamberts - 401 West 2nd Street,,Austin,TX,78701
550,Potential Winner,Lamberts - 401 West 2nd Street,,Austin,TX,78701
654,Potential Winner,Lamberts - 401 West 2nd Street,,Austin,TX,78701
983,Potential Winner,Lamberts - 401 West 2nd Street,,Austin,TX,78701
750,Potential Winner,Lamberts - 401 West 2nd Street,,Austin,TX,78701
793,Potential Winner,Lamberts - 401 West 2nd Street,,Austin,TX,78701
902,Potential Winner,Lamberts - 401 West 2nd Street,,Austin,TX,78701
951,Potential Winner,Lamberts - 401 West 2nd Street,,Austin,TX,78701
112,Potential Winner,Lamberts - 401 West 2nd Street,,Austin,TX,78701
833,Potential Winner,Lamberts - 401 West 2nd Street,,Austin,TX,78701
726,Potential Winner,Lamberts - 401 West 2nd Street,,Austin,TX,78701
36,Potential Winner,Lamberts - 401 West 2nd Street,,Austin,TX,78701
441,Potential Winner,Lamberts - 401 West 2nd Street,,Austin,TX,78701
78,Potential Winner,Lamberts - 401 West 2nd Street,,Austin,TX,78701
758,Potential Winner,Lamberts - 401 West 2nd Street,,Austin,TX,78701
366,Potential Winner,Lamberts - 401 West 2nd Street,,Austin,TX,78701
299,Potential Winner,Lamberts - 401 West 2nd Street,,Austin,TX,78701
703,Potential Winner,Lamberts - 401 West 2nd Street,,Austin,TX,78701
715,Potential Winner,Lamberts - 401 West 2nd Street,,Austin,TX,78701
956,Potential Winner,Lamberts - 401 West 2nd Street,,Austin,TX,78701
133,Potential Winner,Lamberts - 401 West 2nd Street,,Austin,TX,78701
834,Potential Winner,Lamberts - 401 West 2nd Street,,Austin,TX,78701
361,Potential Winner,Lamberts - 401 West 2nd Street,,Austin,TX,78701
62,Potential Winner,Lamberts - 401 West 2nd Street,,Austin,TX,78701
610,Potential Winner,Lamberts - 401 West 2nd Street,,Austin,TX,78701
127,Potential Winner,Lamberts - 401 West 2nd Street,,Austin,TX,78701
732,Potential Winner,Lamberts - 401 West 2nd Street,,Austin,TX,78701
28,Potential Winner,Lamberts - 401 West 2nd Street,,Austin,TX,78701
311,Potential Winner,Lamberts - 401 West 2nd Street,,Austin,TX,78701
361,Potential Winner,Lamberts - 401 West 2nd Street,,Austin,TX,78701
947,Potential Winner,Lamberts - 401 West 2nd Street,,Austin,TX,78701
69,Potential Winner,Lamberts - 401 West 2nd Street,,Austin,TX,78701
23,Potential Winner,Lamberts - 401 West 2nd Street,,Austin,TX,78701
533,Potential Winner,Lamberts - 401 West 2nd Street,,Austin,TX,78701
781,Potential Winner,Lamberts - 401 West 2nd Street,,Austin,TX,78701
356,Potential Winner,Lamberts - 401 West 2nd Street,,Austin,TX,78701
228,Potential Winner,Lamberts - 401 West 2nd Street,,Austin,TX,78701
427,Potential Winner,Lamberts - 401 West 2nd Street,,Austin,TX,78701
473,Potential Winner,Lamberts - 401 West 2nd Street,,Austin,TX,78701
306,Potential Winner,Lamberts - 401 West 2nd Street,,Austin,TX,78701
665,Potential Winner,Lamberts - 401 West 2nd Street,,Austin,TX,78701
674,Potential Winner,Lamberts - 401 West 2nd Street,,Austin,TX,78701
911,Potential Winner,Lamberts - 401 West 2nd Street,,Austin,TX,78701
554,Potential Winner,Lamberts - 401 West 2nd Street,,Austin,TX,78701
790,Potential Winner,Lamberts - 401 West 2nd Street,,Austin,TX,78701
275,Potential Winner,Lamberts - 401 West 2nd Street,,Austin,TX,78701
392,Potential Winner,Lamberts - 401 West 2nd Street,,Austin,TX,78701
499,Potential Winner,Lamberts - 401 West 2nd Street,,Austin,TX,78701
694,Potential Winner,Lamberts - 401 West 2nd Street,,Austin,TX,78701
621,Potential Winner,Lamberts - 401 West 2nd Street,,Austin,TX,78701
851,Potential Winner,Lamberts - 401 West 2nd Street,,Austin,TX,78701
893,Potential Winner,Lamberts - 401 West 2nd Street,,Austin,TX,78701
158,Potential Winner,Lamberts - 401 West 2nd Street,,Austin,TX,78701
310,Potential Winner,Lamberts - 401 West 2nd Street,,Austin,TX,78701
950,Potential Winner,Lamberts - 401 West 2nd Street,,Austin,TX,78701
195,Potential Winner,Lamberts - 401 West 2nd Street,,Austin,TX,78701
470,Potential Winner,Lamberts - 401 West 2nd Street,,Austin,TX,78701
60,Potential Winner,Lamberts - 401 West 2nd Street,,Austin,TX,78701
75,Potential Winner,Lamberts - 401 West 2nd Street,,Austin,TX,78701
653,Potential Winner,Lamberts - 401 West 2nd Street,,Austin,TX,78701
711,Potential Winner,Lamberts - 401 West 2nd Street,,Austin,TX,78701
173,Potential Winner,Lamberts - 401 West 2nd Street,,Austin,TX,78701
225,Potential Winner,Lamberts - 401 West 2nd Street,,Austin,TX,78701
56,Potential Winner,Lamberts - 401 West 2nd Street,,Austin,TX,78701
491,Potential Winner,Lamberts - 401 West 2nd Street,,Austin,TX,78701
144,Potential Winner,Lamberts - 401 West 2nd Street,,Austin,TX,78701
459,Potential Winner,Lamberts - 401 West 2nd Street,,Austin,TX,78701
418,Potential Winner,Lamberts - 401 West 2nd Street,,Austin,TX,78701
26,Potential Winner,Lamberts - 401 West 2nd Street,,Austin,TX,78701
422,Potential Winner,Lamberts - 401 West 2nd Street,,Austin,TX,78701
375,Potential Winner,Lamberts - 401 West 2nd Street,,Austin,TX,78701
223,Potential Winner,Lamberts - 401 West 2nd Street,,Austin,TX,78701
585,Potential Winner,Lamberts - 401 West 2nd Street,,Austin,TX,78701
324,Potential Winner,Lamberts - 401 West 2nd Street,,Austin,TX,78701
455,Potential Winner,Lamberts - 401 West 2nd Street,,Austin,TX,78701
720,Potential Winner,Lamberts - 401 West 2nd Street,,Austin,TX,78701
368,Potential Winner,Lamberts - 401 West 2nd Street,,Austin,TX,78701
737,Potential Winner,Lamberts - 401 West 2nd Street,,Austin,TX,78701
219,Potential Winner,Lamberts - 401 West 2nd Street,,Austin,TX,78701
111,Potential Winner,Lamberts - 401 West 2nd Street,,Austin,TX,78701
275,Potential Winner,Lamberts - 401 West 2nd Street,,Austin,TX,78701
603,Potential Winner,Lamberts - 401 West 2nd Street,,Austin,TX,78701
454,Potential Winner,Lamberts - 401 West 2nd Street,,Austin,TX,78701
905,Potential Winner,Lamberts - 401 West 2nd Street,,Austin,TX,78701
142,Potential Winner,Lamberts - 401 West 2nd Street,,Austin,TX,78701
642,Potential Winner,Lamberts - 401 West 2nd Street,,Austin,TX,78701
443,Potential Winner,Lamberts - 401 West 2nd Street,,Austin,TX,78701
86,Potential Winner,Lamberts - 401 West 2nd Street,,Austin,TX,78701
207,Potential Winner,Lamberts - 401 West 2nd Street,,Austin,TX,78701
854,Potential Winner,Lamberts - 401 West 2nd Street,,Austin,TX,78701
221,Potential Winner,Lamberts - 401 West 2nd Street,,Austin,TX,78701
745,Potential Winner,Lamberts - 401 West 2nd Street,,Austin,TX,78701
754,Potential Winner,Lamberts - 401 West 2nd Street,,Austin,TX,78701
493,Potential Winner,Lamberts - 401 West 2nd Street,,Austin,TX,78701
717,Potential Winner,Lamberts - 401 West 2nd Street,,Austin,TX,78701
686,Potential Winner,Lamberts - 401 West 2nd Street,,Austin,TX,78701
422,Potential Winner,Lamberts - 401 West 2nd Street,,Austin,TX,78701
92,Potential Winner,Lamberts - 401 West 2nd Street,,Austin,TX,78701
540,Potential Winner,Lamberts - 401 West 2nd Street,,Austin,TX,78701
994,Potential Winner,Lamberts - 401 West 2nd Street,,Austin,TX,78701
269,Potential Winner,Lamberts - 401 West 2nd Street,,Austin,TX,78701
193,Potential Winner,Lamberts - 401 West 2nd Street,,Austin,TX,78701
197,Potential Winner,Lamberts - 401 West 2nd Street,,Austin,TX,78701
592,Potential Winner,Lamberts - 401 West 2nd Street,,Austin,TX,78701
776,Potential Winner,Lamberts - 401 West 2nd Street,,Austin,TX,78701
598,Potential Winner,Lamberts - 401 West 2nd Street,,Austin,TX,78701
79,Potential Winner,Lamberts - 401 West 2nd Street,,Austin,TX,78701
682,Potential Winner,Lamberts - 401 West 2nd Street,,Austin,TX,78701
484,Potential Winner,Lamberts - 401 West 2nd Street,,Austin,TX,78701
384,Potential Winner,Lamberts - 401 West 2nd Street,,Austin,TX,78701
494,Potential Winner,Lamberts - 401 West 2nd Street,,Austin,TX,78701
661,Potential Winner,Lamberts - 401 West 2nd Street,,Austin,TX,78701
260,Potential Winner,Lamberts - 401 West 2nd Street,,Austin,TX,78701
946,Potential Winner,Lamberts - 401 West 2nd Street,,Austin,TX,78701
448,Potential Winner,Lamberts - 401 West 2nd Street,,Austin,TX,78701
174,Potential Winner,Lamberts - 401 West 2nd Street,,Austin,TX,78701
225,Potential Winner,Lamberts - 401 West 2nd Street,,Austin,TX,78701
532,Potential Winner,Lamberts - 401 West 2nd Street,,Austin,TX,78701
786,Potential Winner,Lamberts - 401 West 2nd Street,,Austin,TX,78701
755,Potential Winner,Lamberts - 401 West 2nd Street,,Austin,TX,78701
564,Potential Winner,Lamberts - 401 West 2nd Street,,Austin,TX,78701
419,Potential Winner,Lamberts - 401 West 2nd Street,,Austin,TX,78701
279,Potential Winner,Lamberts - 401 West 2nd Street,,Austin,TX,78701
466,Potential Winner,Lamberts - 401 West 2nd Street,,Austin,TX,78701
765,Potential Winner,Lamberts - 401 West 2nd Street,,Austin,TX,78701
589,Potential Winner,Lamberts - 401 West 2nd Street,,Austin,TX,78701
185,Potential Winner,Lamberts - 401 West 2nd Street,,Austin,TX,78701
693,Potential Winner,Lamberts - 401 West 2nd Street,,Austin,TX,78701
298,Potential Winner,Lamberts - 401 West 2nd Street,,Austin,TX,78701
455,Potential Winner,Lamberts - 401 West 2nd Street,,Austin,TX,78701
103,Potential Winner,Lamberts - 401 West 2nd Street,,Austin,TX,78701
293,Potential Winner,Lamberts - 401 West 2nd Street,,Austin,TX,78701
707,Potential Winner,Lamberts - 401 West 2nd Street,,Austin,TX,78701
68,Potential Winner,Lamberts - 401 West 2nd Street,,Austin,TX,78701
298,Potential Winner,Lamberts - 401 West 2nd Street,,Austin,TX,78701
485,Potential Winner,Lamberts - 401 West 2nd Street,,Austin,TX,78701
608,Potential Winner,Lamberts - 401 West 2nd Street,,Austin,TX,78701
692,Potential Winner,Lamberts - 401 West 2nd Street,,Austin,TX,78701
847,Potential Winner,Lamberts - 401 West 2nd Street,,Austin,TX,78701
525,Potential Winner,Lamberts - 401 West 2nd Street,,Austin,TX,78701
443,Potential Winner,Lamberts - 401 West 2nd Street,,Austin,TX,78701
424,Potential Winner,Lamberts - 401 West 2nd Street,,Austin,TX,78701
565,Potential Winner,Lamberts - 401 West 2nd Street,,Austin,TX,78701
420,Potential Winner,Lamberts - 401 West 2nd Street,,Austin,TX,78701
580,Potential Winner,Lamberts - 401 West 2nd Street,,Austin,TX,78701
993,Potential Winner,Lamberts - 401 West 2nd Street,,Austin,TX,78701
640,Potential Winner,Lamberts - 401 West 2nd Street,,Austin,TX,78701
847,Potential Winner,Lamberts - 401 West 2nd Street,,Austin,TX,78701
983,Potential Winner,Lamberts - 401 West 2nd Street,,Austin,TX,78701
310,Potential Winner,Lamberts - 401 West 2nd Street,,Austin,TX,78701
230,Potential Winner,Lamberts - 401 West 2nd Street,,Austin,TX,78701
64,Potential Winner,Lamberts - 401 West 2nd Street,,Austin,TX,78701
928,Potential Winner,Lamberts - 401 West 2nd Street,,Austin,TX,78701
135,Potential Winner,Lamberts - 401 West 2nd Street,,Austin,TX,78701
761,Potential Winner,Lamberts - 401 West 2nd Street,,Austin,TX,78701
61,Potential Winner,Lamberts - 401 West 2nd Street,,Austin,TX,78701
343,Potential Winner,Lamberts - 401 West 2nd Street,,Austin,TX,78701
886,Potential Winner,Lamberts - 401 West 2nd Street,,Austin,TX,78701
812,Potential Winner,Lamberts - 401 West 2nd Street,,Austin,TX,78701
788,Potential Winner,Lamberts - 401 West 2nd Street,,Austin,TX,78701
204,Potential Winner,Lamberts - 401 West 2nd Street,,Austin,TX,78701
78,Potential Winner,Lamberts - 401 West 2nd Street,,Austin,TX,78701
90,Potential Winner,Lamberts - 401 West 2nd Street,,Austin,TX,78701
233,Potential Winner,Lamberts - 401 West 2nd Street,,Austin,TX,78701
795,Potential Winner,Lamberts - 401 West 2nd Street,,Austin,TX,78701
106,Potential Winner,Lamberts - 401 West 2nd Street,,Austin,TX,78701
239,Potential Winner,Lamberts - 401 West 2nd Street,,Austin,TX,78701
101,Potential Winner,Lamberts - 401 West 2nd Street,,Austin,TX,78701
113,Potential Winner,Lamberts - 401 West 2nd Street,,Austin,TX,78701
96,Potential Winner,Lamberts - 401 West 2nd Street,,Austin,TX,78701
697,Potential Winner,Lamberts - 401 West 2nd Street,,Austin,TX,78701
189,Potential Winner,Lamberts - 401 West 2nd Street,,Austin,TX,78701
857,Potential Winner,Lamberts - 401 West 2nd Street,,Austin,TX,78701
918,Potential Winner,Lamberts - 401 West 2nd Street,,Austin,TX,78701
880,Potential Winner,Lamberts - 401 West 2nd Street,,Austin,TX,78701
333,Potential Winner,Lamberts - 401 West 2nd Street,,Austin,TX,78701
307,Potential Winner,Lamberts - 401 West 2nd Street,,Austin,TX,78701
523,Potential Winner,Lamberts - 401 West 2nd Street,,Austin,TX,78701
183,Potential Winner,Lamberts - 401 West 2nd Street,,Austin,TX,78701
783,Potential Winner,Lamberts - 401 West 2nd Street,,Austin,TX,78701
49,Potential Winner,Lamberts - 401 West 2nd Street,,Austin,TX,78701
554,Potential Winner,Lamberts - 401 West 2nd Street,,Austin,TX,78701
658,Potential Winner,Lamberts - 401 West 2nd Street,,Austin,TX,78701
319,Potential Winner,Lamberts - 401 West 2nd Street,,Austin,TX,78701
161,Potential Winner,Lamberts - 401 West 2nd Street,,Austin,TX,78701
374,Potential Winner,Lamberts - 401 West 2nd Street,,Austin,TX,78701
81,Potential Winner,Lamberts - 401 West 2nd Street,,Austin,TX,78701
145,Potential Winner,Lamberts - 401 West 2nd Street,,Austin,TX,78701
767,Potential Winner,Lamberts - 401 West 2nd Street,,Austin,TX,78701
964,Potential Winner,Lamberts - 401 West 2nd Street,,Austin,TX,78701
259,Potential Winner,Lamberts - 401 West 2nd Street,,Austin,TX,78701
858,Potential Winner,Lamberts - 401 West 2nd Street,,Austin,TX,78701
870,Potential Winner,Lamberts - 401 West 2nd Street,,Austin,TX,78701
398,Potential Winner,Lamberts - 401 West 2nd Street,,Austin,TX,78701
637,Potential Winner,Lamberts - 401 West 2nd Street,,Austin,TX,78701
207,Potential Winner,Lamberts - 401 West 2nd Street,,Austin,TX,78701
456,Potential Winner,Lamberts - 401 West 2nd Street,,Austin,TX,78701
72,Potential Winner,Lamberts - 401 West 2nd Street,,Austin,TX,78701
687,Potential Winner,Lamberts - 401 West 2nd Street,,Austin,TX,78701
856,Potential Winner,Lamberts - 401 West 2nd Street,,Austin,TX,78701
985,Potential Winner,Lamberts - 401 West 2nd Street,,Austin,TX,78701
807,Potential Winner,Lamberts - 401 West 2nd Street,,Austin,TX,78701
100,Potential Winner,Lamberts - 401 West 2nd Street,,Austin,TX,78701
873,Potential Winner,Lamberts - 401 West 2nd Street,,Austin,TX,78701
503,Potential Winner,Lamberts - 401 West 2nd Street,,Austin,TX,78701
383,Potential Winner,Lamberts - 401 West 2nd Street,,Austin,TX,78701
641,Potential Winner,Lamberts - 401 West 2nd Street,,Austin,TX,78701
97,Potential Winner,Lamberts - 401 West 2nd Street,,Austin,TX,78701
575,Potential Winner,Lamberts - 401 West 2nd Street,,Austin,TX,78701
312,Potential Winner,Lamberts - 401 West 2nd Street,,Austin,TX,78701
972,Potential Winner,Lamberts - 401 West 2nd Street,,Austin,TX,78701
563,Potential Winner,Lamberts - 401 West 2nd Street,,Austin,TX,78701
87,Potential Winner,Lamberts - 401 West 2nd Street,,Austin,TX,78701
713,Potential Winner,Lamberts - 401 West 2nd Street,,Austin,TX,78701
79,Potential Winner,Lamberts - 401 West 2nd Street,,Austin,TX,78701
998,Potential Winner,Lamberts - 401 West 2nd Street,,Austin,TX,78701
23,Potential Winner,Lamberts - 401 West 2nd Street,,Austin,TX,78701
484,Potential Winner,Lamberts - 401 West 2nd Street,,Austin,TX,78701
566,Potential Winner,Lamberts - 401 West 2nd Street,,Austin,TX,78701
82,Potential Winner,Lamberts - 401 West 2nd Street,,Austin,TX,78701
91,Potential Winner,Lamberts - 401 West 2nd Street,,Austin,TX,78701
21,Potential Winner,Lamberts - 401 West 2nd Street,,Austin,TX,78701
69,Potential Winner,Lamberts - 401 West 2nd Street,,Austin,TX,78701
103,Potential Winner,Lamberts - 401 West 2nd Street,,Austin,TX,78701
823,Potential Winner,Lamberts - 401 West 2nd Street,,Austin,TX,78701
458,Potential Winner,Lamberts - 401 West 2nd Street,,Austin,TX,78701
549,Potential Winner,Lamberts - 401 West 2nd Street,,Austin,TX,78701
647,Potential Winner,Lamberts - 401 West 2nd Street,,Austin,TX,78701
542,Potential Winner,Lamberts - 401 West 2nd Street,,Austin,TX,78701
317,Potential Winner,Lamberts - 401 West 2nd Street,,Austin,TX,78701
794,Potential Winner,Lamberts - 401 West 2nd Street,,Austin,TX,78701
713,Potential Winner,Lamberts - 401 West 2nd Street,,Austin,TX,78701
893,Potential Winner,Lamberts - 401 West 2nd Street,,Austin,TX,78701
61,Potential Winner,Lamberts - 401 West 2nd Street,,Austin,TX,78701
993,Potential Winner,Lamberts - 401 West 2nd Street,,Austin,TX,78701
568,Potential Winner,Lamberts - 401 West 2nd Street,,Austin,TX,78701
579,Potential Winner,Lamberts - 401 West 2nd Street,,Austin,TX,78701
70,Potential Winner,Lamberts - 401 West 2nd Street,,Austin,TX,78701
204,Potential Winner,Lamberts - 401 West 2nd Street,,Austin,TX,78701
205,Potential Winner,Lamberts - 401 West 2nd Street,,Austin,TX,78701
539,Potential Winner,Lamberts - 401 West 2nd Street,,Austin,TX,78701
83,Potential Winner,Lamberts - 401 West 2nd Street,,Austin,TX,78701
292,Potential Winner,Lamberts - 401 West 2nd Street,,Austin,TX,78701
523,Potential Winner,Lamberts - 401 West 2nd Street,,Austin,TX,78701
437,Potential Winner,Lamberts - 401 West 2nd Street,,Austin,TX,78701
468,Potential Winner,Lamberts - 401 West 2nd Street,,Austin,TX,78701
107,Potential Winner,Lamberts - 401 West 2nd Street,,Austin,TX,78701
278,Potential Winner,Lamberts - 401 West 2nd Street,,Austin,TX,78701
386,Potential Winner,Lamberts - 401 West 2nd Street,,Austin,TX,78701
580,Potential Winner,Lamberts - 401 West 2nd Street,,Austin,TX,78701
606,Potential Winner,Lamberts - 401 West 2nd Street,,Austin,TX,78701
243,Potential Winner,Lamberts - 401 West 2nd Street,,Austin,TX,78701
147,Potential Winner,Lamberts - 401 West 2nd Street,,Austin,TX,78701
132,Potential Winner,Lamberts - 401 West 2nd Street,,Austin,TX,78701
163,Potential Winner,Lamberts - 401 West 2nd Street,,Austin,TX,78701
58,Potential Winner,Lamberts - 401 West 2nd Street,,Austin,TX,78701
137,Potential Winner,Lamberts - 401 West 2nd Street,,Austin,TX,78701
153,Potential Winner,Lamberts - 401 West 2nd Street,,Austin,TX,78701
413,Potential Winner,Lamberts - 401 West 2nd Street,,Austin,TX,78701
272,Potential Winner,Lamberts - 401 West 2nd Street,,Austin,TX,78701
504,Potential Winner,Lamberts - 401 West 2nd Street,,Austin,TX,78701
326,Potential Winner,Lamberts - 401 West 2nd Street,,Austin,TX,78701
286,Potential Winner,Lamberts - 401 West 2nd Street,,Austin,TX,78701
975,Potential Winner,Lamberts - 401 West 2nd Street,,Austin,TX,78701
263,Potential Winner,Lamberts - 401 West 2nd Street,,Austin,TX,78701
390,Potential Winner,Lamberts - 401 West 2nd Street,,Austin,TX,78701
953,Potential Winner,Lamberts - 401 West 2nd Street,,Austin,TX,78701
289,Potential Winner,Lamberts - 401 West 2nd Street,,Austin,TX,78701
713,Potential Winner,Lamberts - 401 West 2nd Street,,Austin,TX,78701
930,Potential Winner,Lamberts - 401 West 2nd Street,,Austin,TX,78701
757,Potential Winner,Lamberts - 401 West 2nd Street,,Austin,TX,78701
512,Potential Winner,Lamberts - 401 West 2nd Street,,Austin,TX,78701
295,Potential Winner,Lamberts - 401 West 2nd Street,,Austin,TX,78701
891,Potential Winner,Lamberts - 401 West 2nd Street,,Austin,TX,78701
977,Potential Winner,Lamberts - 401 West 2nd Street,,Austin,TX,78701
145,Potential Winner,Lamberts - 401 West 2nd Street,,Austin,TX,78701
190,Potential Winner,Lamberts - 401 West 2nd Street,,Austin,TX,78701
173,Potential Winner,Lamberts - 401 West 2nd Street,,Austin,TX,78701
344,Potential Winner,Lamberts - 401 West 2nd Street,,Austin,TX,78701
956,Potential Winner,Lamberts - 401 West 2nd Street,,Austin,TX,78701
963,Potential Winner,Lamberts - 401 West 2nd Street,,Austin,TX,78701
710,Potential Winner,Lamberts - 401 West 2nd Street,,Austin,TX,78701
261,Potential Winner,Lamberts - 401 West 2nd Street,,Austin,TX,78701
479,Potential Winner,Lamberts - 401 West 2nd Street,,Austin,TX,78701
314,Potential Winner,Lamberts - 401 West 2nd Street,,Austin,TX,78701
659,Potential Winner,Lamberts - 401 West 2nd Street,,Austin,TX,78701
129,Potential Winner,Lamberts - 401 West 2nd Street,,Austin,TX,78701
445,Potential Winner,Lamberts - 401 West 2nd Street,,Austin,TX,78701
347,Potential Winner,Lamberts - 401 West 2nd Street,,Austin,TX,78701
409,Potential Winner,Lamberts - 401 West 2nd Street,,Austin,TX,78701
240,Potential Winner,Lamberts - 401 West 2nd Street,,Austin,TX,78701
260,Potential Winner,Lamberts - 401 West 2nd Street,,Austin,TX,78701
623,Potential Winner,Lamberts - 401 West 2nd Street,,Austin,TX,78701
730,Potential Winner,Lamberts - 401 West 2nd Street,,Austin,TX,78701
335,Potential Winner,Lamberts - 401 West 2nd Street,,Austin,TX,78701
695,Potential Winner,Lamberts - 401 West 2nd Street,,Austin,TX,78701
244,Potential Winner,Lamberts - 401 West 2nd Street,,Austin,TX,78701
84,Potential Winner,Lamberts - 401 West 2nd Street,,Austin,TX,78701
318,Potential Winner,Lamberts - 401 West 2nd Street,,Austin,TX,78701
519,Potential Winner,Lamberts - 401 West 2nd Street,,Austin,TX,78701
594,Potential Winner,Lamberts - 401 West 2nd Street,,Austin,TX,78701
118,Potential Winner,Lamberts - 401 West 2nd Street,,Austin,TX,78701
982,Potential Winner,Lamberts - 401 West 2nd Street,,Austin,TX,78701
748,Potential Winner,Lamberts - 401 West 2nd Street,,Austin,TX,78701
734,Potential Winner,Lamberts - 401 West 2nd Street,,Austin,TX,78701
983,Potential Winner,Lamberts - 401 West 2nd Street,,Austin,TX,78701
535,Potential Winner,Lamberts - 401 West 2nd Street,,Austin,TX,78701
512,Potential Winner,Lamberts - 401 West 2nd Street,,Austin,TX,78701
208,Potential Winner,Lamberts - 401 West 2nd Street,,Austin,TX,78701
989,Potential Winner,Lamberts - 401 West 2nd Street,,Austin,TX,78701
94,Potential Winner,Lamberts - 401 West 2nd Street,,Austin,TX,78701
38,Potential Winner,Lamberts - 401 West 2nd Street,,Austin,TX,78701
548,Potential Winner,Lamberts - 401 West 2nd Street,,Austin,TX,78701
272,Potential Winner,Lamberts - 401 West 2nd Street,,Austin,TX,78701
473,Potential Winner,Lamberts - 401 West 2nd Street,,Austin,TX,78701
869,Potential Winner,Lamberts - 401 West 2nd Street,,Austin,TX,78701
692,Potential Winner,Lamberts - 401 West 2nd Street,,Austin,TX,78701
562,Potential Winner,Lamberts - 401 West 2nd Street,,Austin,TX,78701
820,Potential Winner,Lamberts - 401 West 2nd Street,,Austin,TX,78701
27,Potential Winner,Lamberts - 401 West 2nd Street,,Austin,TX,78701
931,Potential Winner,Lamberts - 401 West 2nd Street,,Austin,TX,78701
614,Potential Winner,Lamberts - 401 West 2nd Street,,Austin,TX,78701
334,Potential Winner,Lamberts - 401 West 2nd Street,,Austin,TX,78701
587,Potential Winner,Lamberts - 401 West 2nd Street,,Austin,TX,78701
207,Potential Winner,Lamberts - 401 West 2nd Street,,Austin,TX,78701
204,Potential Winner,Lamberts - 401 West 2nd Street,,Austin,TX,78701
47,Potential Winner,Lamberts - 401 West 2nd Street,,Austin,TX,78701
154,Potential Winner,Lamberts - 401 West 2nd Street,,Austin,TX,78701
669,Potential Winner,Lamberts - 401 West 2nd Street,,Austin,TX,78701
847,Potential Winner,Lamberts - 401 West 2nd Street,,Austin,TX,78701
499,Potential Winner,Lamberts - 401 West 2nd Street,,Austin,TX,78701
12,Potential Winner,Lamberts - 401 West 2nd Street,,Austin,TX,78701
788,Potential Winner,Lamberts - 401 West 2nd Street,,Austin,TX,78701
865,Potential Winner,Lamberts - 401 West 2nd Street,,Austin,TX,78701
598,Potential Winner,Lamberts - 401 West 2nd Street,,Austin,TX,78701
789,Potential Winner,Lamberts - 401 West 2nd Street,,Austin,TX,78701
130,Potential Winner,Lamberts - 401 West 2nd Street,,Austin,TX,78701
269,Potential Winner,Lamberts - 401 West 2nd Street,,Austin,TX,78701
607,Potential Winner,Lamberts - 401 West 2nd Street,,Austin,TX,78701
993,Potential Winner,Lamberts - 401 West 2nd Street,,Austin,TX,78701
683,Potential Winner,Lamberts - 401 West 2nd Street,,Austin,TX,78701
226,Potential Winner,Lamberts - 401 West 2nd Street,,Austin,TX,78701
810,Potential Winner,Lamberts - 401 West 2nd Street,,Austin,TX,78701
732,Potential Winner,Lamberts - 401 West 2nd Street,,Austin,TX,78701
868,Potential Winner,Lamberts - 401 West 2nd Street,,Austin,TX,78701
54,Potential Winner,Lamberts - 401 West 2nd Street,,Austin,TX,78701
776,Potential Winner,Lamberts - 401 West 2nd Street,,Austin,TX,78701
149,Potential Winner,Lamberts - 401 West 2nd Street,,Austin,TX,78701
97,Potential Winner,Lamberts - 401 West 2nd Street,,Austin,TX,78701
743,Potential Winner,Lamberts - 401 West 2nd Street,,Austin,TX,78701
344,Potential Winner,Lamberts - 401 West 2nd Street,,Austin,TX,78701
765,Potential Winner,Lamberts - 401 West 2nd Street,,Austin,TX,78701
601,Potential Winner,Lamberts - 401 West 2nd Street,,Austin,TX,78701
368,Potential Winner,Lamberts - 401 West 2nd Street,,Austin,TX,78701
14,Potential Winner,Lamberts - 401 West 2nd Street,,Austin,TX,78701
253,Potential Winner,Lamberts - 401 West 2nd Street,,Austin,TX,78701
829,Potential Winner,Lamberts - 401 West 2nd Street,,Austin,TX,78701
949,Potential Winner,Lamberts - 401 West 2nd Street,,Austin,TX,78701
543,Potential Winner,Lamberts - 401 West 2nd Street,,Austin,TX,78701
680,Potential Winner,Lamberts - 401 West 2nd Street,,Austin,TX,78701
544,Potential Winner,Lamberts - 401 West 2nd Street,,Austin,TX,78701
620,Potential Winner,Lamberts - 401 West 2nd Street,,Austin,TX,78701
41,Potential Winner,Lamberts - 401 West 2nd Street,,Austin,TX,78701
79,Potential Winner,Lamberts - 401 West 2nd Street,,Austin,TX,78701
93,Potential Winner,Lamberts - 401 West 2nd Street,,Austin,TX,78701
176,Potential Winner,Lamberts - 401 West 2nd Street,,Austin,TX,78701
497,Potential Winner,Lamberts - 401 West 2nd Street,,Austin,TX,78701
661,Potential Winner,Lamberts - 401 West 2nd Street,,Austin,TX,78701
994,Potential Winner,Lamberts - 401 West 2nd Street,,Austin,TX,78701
131,Potential Winner,Lamberts - 401 West 2nd Street,,Austin,TX,78701
778,Potential Winner,Lamberts - 401 West 2nd Street,,Austin,TX,78701
685,Potential Winner,Lamberts - 401 West 2nd Street,,Austin,TX,78701
478,Potential Winner,Lamberts - 401 West 2nd Street,,Austin,TX,78701
675,Potential Winner,Lamberts - 401 West 2nd Street,,Austin,TX,78701
69,Potential Winner,Lamberts - 401 West 2nd Street,,Austin,TX,78701
955,Potential Winner,Lamberts - 401 West 2nd Street,,Austin,TX,78701
693,Potential Winner,Lamberts - 401 West 2nd Street,,Austin,TX,78701
328,Potential Winner,Lamberts - 401 West 2nd Street,,Austin,TX,78701
704,Potential Winner,Lamberts - 401 West 2nd Street,,Austin,TX,78701
339,Potential Winner,Lamberts - 401 West 2nd Street,,Austin,TX,78701
951,Potential Winner,Lamberts - 401 West 2nd Street,,Austin,TX,78701
799,Potential Winner,Lamberts - 401 West 2nd Street,,Austin,TX,78701
498,Potential Winner,Lamberts - 401 West 2nd Street,,Austin,TX,78701
19,Potential Winner,Lamberts - 401 West 2nd Street,,Austin,TX,78701
470,Potential Winner,Lamberts - 401 West 2nd Street,,Austin,TX,78701
394,Potential Winner,Lamberts - 401 West 2nd Street,,Austin,TX,78701
121,Potential Winner,Lamberts - 401 West 2nd Street,,Austin,TX,78701
922,Potential Winner,Lamberts - 401 West 2nd Street,,Austin,TX,78701
44,Potential Winner,Lamberts - 401 West 2nd Street,,Austin,TX,78701
868,Potential Winner,Lamberts - 401 West 2nd Street,,Austin,TX,78701
729,Potential Winner,Lamberts - 401 West 2nd Street,,Austin,TX,78701
989,Potential Winner,Lamberts - 401 West 2nd Street,,Austin,TX,78701
697,Potential Winner,Lamberts - 401 West 2nd Street,,Austin,TX,78701
904,Potential Winner,Lamberts - 401 West 2nd Street,,Austin,TX,78701
745,Potential Winner,Lamberts - 401 West 2nd Street,,Austin,TX,78701
826,Potential Winner,Lamberts - 401 West 2nd Street,,Austin,TX,78701
378,Potential Winner,Lamberts - 401 West 2nd Street,,Austin,TX,78701
834,Potential Winner,Lamberts - 401 West 2nd Street,,Austin,TX,78701
441,Potential Winner,Lamberts - 401 West 2nd Street,,Austin,TX,78701
938,Potential Winner,Lamberts - 401 West 2nd Street,,Austin,TX,78701
193,Potential Winner,Lamberts - 401 West 2nd Street,,Austin,TX,78701
515,Potential Winner,Lamberts - 401 West 2nd Street,,Austin,TX,78701
344,Potential Winner,Lamberts - 401 West 2nd Street,,Austin,TX,78701
726,Potential Winner,Lamberts - 401 West 2nd Street,,Austin,TX,78701
468,Potential Winner,Lamberts - 401 West 2nd Street,,Austin,TX,78701
923,Potential Winner,Lamberts - 401 West 2nd Street,,Austin,TX,78701
573,Potential Winner,Lamberts - 401 West 2nd Street,,Austin,TX,78701
699,Potential Winner,Lamberts - 401 West 2nd Street,,Austin,TX,78701
214,Potential Winner,Lamberts - 401 West 2nd Street,,Austin,TX,78701
675,Potential Winner,Lamberts - 401 West 2nd Street,,Austin,TX,78701
387,Potential Winner,Lamberts - 401 West 2nd Street,,Austin,TX,78701
924,Potential Winner,Lamberts - 401 West 2nd Street,,Austin,TX,78701
104,Potential Winner,Lamberts - 401 West 2nd Street,,Austin,TX,78701
905,Potential Winner,Lamberts - 401 West 2nd Street,,Austin,TX,78701
827,Potential Winner,Lamberts - 401 West 2nd Street,,Austin,TX,78701
263,Potential Winner,Lamberts - 401 West 2nd Street,,Austin,TX,78701
259,Potential Winner,Lamberts - 401 West 2nd Street,,Austin,TX,78701
648,Potential Winner,Lamberts - 401 West 2nd Street,,Austin,TX,78701
164,Potential Winner,Lamberts - 401 West 2nd Street,,Austin,TX,78701
468,Potential Winner,Lamberts - 401 West 2nd Street,,Austin,TX,78701
11,Potential Winner,Lamberts - 401 West 2nd Street,,Austin,TX,78701
2,Potential Winner,Lamberts - 401 West 2nd Street,,Austin,TX,78701
117,Potential Winner,Lamberts - 401 West 2nd Street,,Austin,TX,78701
936,Potential Winner,Lamberts - 401 West 2nd Street,,Austin,TX,78701
726,Potential Winner,Lamberts - 401 West 2nd Street,,Austin,TX,78701
120,Potential Winner,Lamberts - 401 West 2nd Street,,Austin,TX,78701
762,Potential Winner,Lamberts - 401 West 2nd Street,,Austin,TX,78701
823,Potential Winner,Lamberts - 401 West 2nd Street,,Austin,TX,78701
631,Potential Winner,Lamberts - 401 West 2nd Street,,Austin,TX,78701
890,Potential Winner,Lamberts - 401 West 2nd Street,,Austin,TX,78701
664,Potential Winner,Lamberts - 401 West 2nd Street,,Austin,TX,78701
241,Potential Winner,Lamberts - 401 West 2nd Street,,Austin,TX,78701
278,Potential Winner,Lamberts - 401 West 2nd Street,,Austin,TX,78701
328,Potential Winner,Lamberts - 401 West 2nd Street,,Austin,TX,78701
48,Potential Winner,Lamberts - 401 West 2nd Street,,Austin,TX,78701
70,Potential Winner,Lamberts - 401 West 2nd Street,,Austin,TX,78701
524,Potential Winner,Lamberts - 401 West 2nd Street,,Austin,TX,78701
980,Potential Winner,Lamberts - 401 West 2nd Street,,Austin,TX,78701
651,Potential Winner,Lamberts - 401 West 2nd Street,,Austin,TX,78701
573,Potential Winner,Lamberts - 401 West 2nd Street,,Austin,TX,78701
96,Potential Winner,Lamberts - 401 West 2nd Street,,Austin,TX,78701
842,Potential Winner,Lamberts - 401 West 2nd Street,,Austin,TX,78701
81,Potential Winner,Lamberts - 401 West 2nd Street,,Austin,TX,78701
149,Potential Winner,Lamberts - 401 West 2nd Street,,Austin,TX,78701
366,Potential Winner,Lamberts - 401 West 2nd Street,,Austin,TX,78701
381,Potential Winner,Lamberts - 401 West 2nd Street,,Austin,TX,78701
580,Potential Winner,Lamberts - 401 West 2nd Street,,Austin,TX,78701
614,Potential Winner,Lamberts - 401 West 2nd Street,,Austin,TX,78701
798,Potential Winner,Lamberts - 401 West 2nd Street,,Austin,TX,78701
315,Potential Winner,Lamberts - 401 West 2nd Street,,Austin,TX,78701
922,Potential Winner,Lamberts - 401 West 2nd Street,,Austin,TX,78701
576,Potential Winner,Lamberts - 401 West 2nd Street,,Austin,TX,78701
24,Potential Winner,Lamberts - 401 West 2nd Street,,Austin,TX,78701
316,Potential Winner,Lamberts - 401 West 2nd Street,,Austin,TX,78701
42,Potential Winner,Lamberts - 401 West 2nd Street,,Austin,TX,78701
454,Potential Winner,Lamberts - 401 West 2nd Street,,Austin,TX,78701
792,Potential Winner,Lamberts - 401 West 2nd Street,,Austin,TX,78701
187,Potential Winner,Lamberts - 401 West 2nd Street,,Austin,TX,78701
143,Potential Winner,Lamberts - 401 West 2nd Street,,Austin,TX,78701
535,Potential Winner,Lamberts - 401 West 2nd Street,,Austin,TX,78701
197,Potential Winner,Lamberts - 401 West 2nd Street,,Austin,TX,78701
1,Potential Winner,Lamberts - 401 West 2nd Street,,Austin,TX,78701
277,Potential Winner,Lamberts - 401 West 2nd Street,,Austin,TX,78701
966,Potential Winner,Lamberts - 401 West 2nd Street,,Austin,TX,78701
351,Potential Winner,Lamberts - 401 West 2nd Street,,Austin,TX,78701
380,Potential Winner,Lamberts - 401 West 2nd Street,,Austin,TX,78701
118,Potential Winner,Lamberts - 401 West 2nd Street,,Austin,TX,78701
213,Potential Winner,Lamberts - 401 West 2nd Street,,Austin,TX,78701
580,Potential Winner,Lamberts - 401 West 2nd Street,,Austin,TX,78701
522,Potential Winner,Lamberts - 401 West 2nd Street,,Austin,TX,78701
670,Potential Winner,Lamberts - 401 West 2nd Street,,Austin,TX,78701
567,Potential Winner,Lamberts - 401 West 2nd Street,,Austin,TX,78701
638,Potential Winner,Lamberts - 401 West 2nd Street,,Austin,TX,78701
678,Potential Winner,Lamberts - 401 West 2nd Street,,Austin,TX,78701
275,Potential Winner,Lamberts - 401 West 2nd Street,,Austin,TX,78701
612,Potential Winner,Lamberts - 401 West 2nd Street,,Austin,TX,78701
166,Potential Winner,Lamberts - 401 West 2nd Street,,Austin,TX,78701
308,Potential Winner,Lamberts - 401 West 2nd Street,,Austin,TX,78701
216,Potential Winner,Lamberts - 401 West 2nd Street,,Austin,TX,78701
351,Potential Winner,Lamberts - 401 West 2nd Street,,Austin,TX,78701
198,Potential Winner,Lamberts - 401 West 2nd Street,,Austin,TX,78701
74,Potential Winner,Lamberts - 401 West 2nd Street,,Austin,TX,78701
180,Potential Winner,Lamberts - 401 West 2nd Street,,Austin,TX,78701
485,Potential Winner,Lamberts - 401 West 2nd Street,,Austin,TX,78701
711,Potential Winner,Lamberts - 401 West 2nd Street,,Austin,TX,78701
696,Potential Winner,Lamberts - 401 West 2nd Street,,Austin,TX,78701
442,Potential Winner,Lamberts - 401 West 2nd Street,,Austin,TX,78701
257,Potential Winner,Lamberts - 401 West 2nd Street,,Austin,TX,78701
252,Potential Winner,Lamberts - 401 West 2nd Street,,Austin,TX,78701
122,Potential Winner,Lamberts - 401 West 2nd Street,,Austin,TX,78701
300,Potential Winner,Lamberts - 401 West 2nd Street,,Austin,TX,78701
773,Potential Winner,Lamberts - 401 West 2nd Street,,Austin,TX,78701
120,Potential Winner,Lamberts - 401 West 2nd Street,,Austin,TX,78701
374,Potential Winner,Lamberts - 401 West 2nd Street,,Austin,TX,78701
974,Potential Winner,Lamberts - 401 West 2nd Street,,Austin,TX,78701
301,Potential Winner,Lamberts - 401 West 2nd Street,,Austin,TX,78701
546,Potential Winner,Lamberts - 401 West 2nd Street,,Austin,TX,78701
403,Potential Winner,Lamberts - 401 West 2nd Street,,Austin,TX,78701
157,Potential Winner,Lamberts - 401 West 2nd Street,,Austin,TX,78701
77,Potential Winner,Lamberts - 401 West 2nd Street,,Austin,TX,78701
203,Potential Winner,Lamberts - 401 West 2nd Street,,Austin,TX,78701
999,Potential Winner,Lamberts - 401 West 2nd Street,,Austin,TX,78701
913,Potential Winner,Lamberts - 401 West 2nd Street,,Austin,TX,78701
277,Potential Winner,Lamberts - 401 West 2nd Street,,Austin,TX,78701
537,Potential Winner,Lamberts - 401 West 2nd Street,,Austin,TX,78701
561,Potential Winner,Lamberts - 401 West 2nd Street,,Austin,TX,78701
706,Potential Winner,Lamberts - 401 West 2nd Street,,Austin,TX,78701
607,Potential Winner,Lamberts - 401 West 2nd Street,,Austin,TX,78701
833,Potential Winner,Lamberts - 401 West 2nd Street,,Austin,TX,78701
724,Potential Winner,Lamberts - 401 West 2nd Street,,Austin,TX,78701
99,Potential Winner,Lamberts - 401 West 2nd Street,,Austin,TX,78701
344,Potential Winner,Lamberts - 401 West 2nd Street,,Austin,TX,78701
70,Potential Winner,Lamberts - 401 West 2nd Street,,Austin,TX,78701
580,Potential Winner,Lamberts - 401 West 2nd Street,,Austin,TX,78701
808,Potential Winner,Lamberts - 401 West 2nd Street,,Austin,TX,78701
621,Potential Winner,Lamberts - 401 West 2nd Street,,Austin,TX,78701
438,Potential Winner,Lamberts - 401 West 2nd Street,,Austin,TX,78701
738,Potential Winner,Lamberts - 401 West 2nd Street,,Austin,TX,78701
582,Potential Winner,Lamberts - 401 West 2nd Street,,Austin,TX,78701
765,Potential Winner,Lamberts - 401 West 2nd Street,,Austin,TX,78701
14,Potential Winner,Lamberts - 401 West 2nd Street,,Austin,TX,78701
173,Potential Winner,Lamberts - 401 West 2nd Street,,Austin,TX,78701
308,Potential Winner,Lamberts - 401 West 2nd Street,,Austin,TX,78701
798,Potential Winner,Lamberts - 401 West 2nd Street,,Austin,TX,78701
952,Potential Winner,Lamberts - 401 West 2nd Street,,Austin,TX,78701
160,Potential Winner,Lamberts - 401 West 2nd Street,,Austin,TX,78701
987,Potential Winner,Lamberts - 401 West 2nd Street,,Austin,TX,78701
585,Potential Winner,Lamberts - 401 West 2nd Street,,Austin,TX,78701
263,Potential Winner,Lamberts - 401 West 2nd Street,,Austin,TX,78701
772,Potential Winner,Lamberts - 401 West 2nd Street,,Austin,TX,78701
544,Potential Winner,Lamberts - 401 West 2nd Street,,Austin,TX,78701
657,Potential Winner,Lamberts - 401 West 2nd Street,,Austin,TX,78701
941,Potential Winner,Lamberts - 401 West 2nd Street,,Austin,TX,78701
586,Potential Winner,Lamberts - 401 West 2nd Street,,Austin,TX,78701
366,Potential Winner,Lamberts - 401 West 2nd Street,,Austin,TX,78701
787,Potential Winner,Lamberts - 401 West 2nd Street,,Austin,TX,78701
489,Potential Winner,Lamberts - 401 West 2nd Street,,Austin,TX,78701
695,Potential Winner,Lamberts - 401 West 2nd Street,,Austin,TX,78701
693,Potential Winner,Lamberts - 401 West 2nd Street,,Austin,TX,78701
257,Potential Winner,Lamberts - 401 West 2nd Street,,Austin,TX,78701
479,Potential Winner,Lamberts - 401 West 2nd Street,,Austin,TX,78701
990,Potential Winner,Lamberts - 401 West 2nd Street,,Austin,TX,78701
813,Potential Winner,Lamberts - 401 West 2nd Street,,Austin,TX,78701
599,Potential Winner,Lamberts - 401 West 2nd Street,,Austin,TX,78701
543,Potential Winner,Lamberts - 401 West 2nd Street,,Austin,TX,78701
683,Potential Winner,Lamberts - 401 West 2nd Street,,Austin,TX,78701
345,Potential Winner,Lamberts - 401 West 2nd Street,,Austin,TX,78701
384,Potential Winner,Lamberts - 401 West 2nd Street,,Austin,TX,78701
208,Potential Winner,Lamberts - 401 West 2nd Street,,Austin,TX,78701
54,Potential Winner,Lamberts - 401 West 2nd Street,,Austin,TX,78701
433,Potential Winner,Lamberts - 401 West 2nd Street,,Austin,TX,78701
612,Potential Winner,Lamberts - 401 West 2nd Street,,Austin,TX,78701
848,Potential Winner,Lamberts - 401 West 2nd Street,,Austin,TX,78701
601,Potential Winner,Lamberts - 401 West 2nd Street,,Austin,TX,78701
916,Potential Winner,Lamberts - 401 West 2nd Street,,Austin,TX,78701
199,Potential Winner,Lamberts - 401 West 2nd Street,,Austin,TX,78701
441,Potential Winner,Lamberts - 401 West 2nd Street,,Austin,TX,78701
246,Potential Winner,Lamberts - 401 West 2nd Street,,Austin,TX,78701
660,Potential Winner,Lamberts - 401 West 2nd Street,,Austin,TX,78701
134,Potential Winner,Lamberts - 401 West 2nd Street,,Austin,TX,78701
924,Potential Winner,Lamberts - 401 West 2nd Street,,Austin,TX,78701
446,Potential Winner,Lamberts - 401 West 2nd Street,,Austin,TX,78701
768,Potential Winner,Lamberts - 401 West 2nd Street,,Austin,TX,78701
137,Potential Winner,Lamberts - 401 West 2nd Street,,Austin,TX,78701
398,Potential Winner,Lamberts - 401 West 2nd Street,,Austin,TX,78701
526,Potential Winner,Lamberts - 401 West 2nd Street,,Austin,TX,78701
541,Potential Winner,Lamberts - 401 West 2nd Street,,Austin,TX,78701
560,Potential Winner,Lamberts - 401 West 2nd Street,,Austin,TX,78701
191,Potential Winner,Lamberts - 401 West 2nd Street,,Austin,TX,78701
709,Potential Winner,Lamberts - 401 West 2nd Street,,Austin,TX,78701
511,Potential Winner,Lamberts - 401 West 2nd Street,,Austin,TX,78701
558,Potential Winner,Lamberts - 401 West 2nd Street,,Austin,TX,78701
817,Potential Winner,Lamberts - 401 West 2nd Street,,Austin,TX,78701
727,Potential Winner,Lamberts - 401 West 2nd Street,,Austin,TX,78701
242,Potential Winner,Lamberts - 401 West 2nd Street,,Austin,TX,78701
153,Potential Winner,Lamberts - 401 West 2nd Street,,Austin,TX,78701
417,Potential Winner,Lamberts - 401 West 2nd Street,,Austin,TX,78701
112,Potential Winner,Lamberts - 401 West 2nd Street,,Austin,TX,78701
372,Potential Winner,Lamberts - 401 West 2nd Street,,Austin,TX,78701
37,Potential Winner,Lamberts - 401 West 2nd Street,,Austin,TX,78701
391,Potential Winner,Lamberts - 401 West 2nd Street,,Austin,TX,78701
464,Potential Winner,Lamberts - 401 West 2nd Street,,Austin,TX,78701
15,Potential Winner,Lamberts - 401 West 2nd Street,,Austin,TX,78701
561,Potential Winner,Lamberts - 401 West 2nd Street,,Austin,TX,78701
213,Potential Winner,Lamberts - 401 West 2nd Street,,Austin,TX,78701
353,Potential Winner,Lamberts - 401 West 2nd Street,,Austin,TX,78701
334,Potential Winner,Lamberts - 401 West 2nd Street,,Austin,TX,78701
944,Potential Winner,Lamberts - 401 West 2nd Street,,Austin,TX,78701
462,Potential Winner,Lamberts - 401 West 2nd Street,,Austin,TX,78701
52,Potential Winner,Lamberts - 401 West 2nd Street,,Austin,TX,78701
36,Potential Winner,Lamberts - 401 West 2nd Street,,Austin,TX,78701
441,Potential Winner,Lamberts - 401 West 2nd Street,,Austin,TX,78701
637,Potential Winner,Lamberts - 401 West 2nd Street,,Austin,TX,78701
211,Potential Winner,Lamberts - 401 West 2nd Street,,Austin,TX,78701
510,Potential Winner,Lamberts - 401 West 2nd Street,,Austin,TX,78701
177,Potential Winner,Lamberts - 401 West 2nd Street,,Austin,TX,78701
509,Potential Winner,Lamberts - 401 West 2nd Street,,Austin,TX,78701
262,Potential Winner,Lamberts - 401 West 2nd Street,,Austin,TX,78701
671,Potential Winner,Lamberts - 401 West 2nd Street,,Austin,TX,78701
962,Potential Winner,Lamberts - 401 West 2nd Street,,Austin,TX,78701
740,Potential Winner,Lamberts - 401 West 2nd Street,,Austin,TX,78701
342,Potential Winner,Lamberts - 401 West 2nd Street,,Austin,TX,78701
742,Potential Winner,Lamberts - 401 West 2nd Street,,Austin,TX,78701
275,Potential Winner,Lamberts - 401 West 2nd Street,,Austin,TX,78701
684,Potential Winner,Lamberts - 401 West 2nd Street,,Austin,TX,78701
988,Potential Winner,Lamberts - 401 West 2nd Street,,Austin,TX,78701
453,Potential Winner,Lamberts - 401 West 2nd Street,,Austin,TX,78701
239,Potential Winner,Lamberts - 401 West 2nd Street,,Austin,TX,78701
647,Potential Winner,Lamberts - 401 West 2nd Street,,Austin,TX,78701
656,Potential Winner,Lamberts - 401 West 2nd Street,,Austin,TX,78701
502,Potential Winner,Lamberts - 401 West 2nd Street,,Austin,TX,78701
691,Potential Winner,Lamberts - 401 West 2nd Street,,Austin,TX,78701
486,Potential Winner,Lamberts - 401 West 2nd Street,,Austin,TX,78701
762,Potential Winner,Lamberts - 401 West 2nd Street,,Austin,TX,78701
712,Potential Winner,Lamberts - 401 West 2nd Street,,Austin,TX,78701
473,Potential Winner,Lamberts - 401 West 2nd Street,,Austin,TX,78701
628,Potential Winner,Lamberts - 401 West 2nd Street,,Austin,TX,78701
90,Potential Winner,Lamberts - 401 West 2nd Street,,Austin,TX,78701
192,Potential Winner,Lamberts - 401 West 2nd Street,,Austin,TX,78701
539,Potential Winner,Lamberts - 401 West 2nd Street,,Austin,TX,78701
235,Potential Winner,Lamberts - 401 West 2nd Street,,Austin,TX,78701
179,Potential Winner,Lamberts - 401 West 2nd Street,,Austin,TX,78701
220,Potential Winner,Lamberts - 401 West 2nd Street,,Austin,TX,78701
807,Potential Winner,Lamberts - 401 West 2nd Street,,Austin,TX,78701
213,Potential Winner,Lamberts - 401 West 2nd Street,,Austin,TX,78701
7,Potential Winner,Lamberts - 401 West 2nd Street,,Austin,TX,78701
131,Potential Winner,Lamberts - 401 West 2nd Street,,Austin,TX,78701
389,Potential Winner,Lamberts - 401 West 2nd Street,,Austin,TX,78701
206,Potential Winner,Lamberts - 401 West 2nd Street,,Austin,TX,78701
156,Potential Winner,Lamberts - 401 West 2nd Street,,Austin,TX,78701
470,Potential Winner,Lamberts - 401 West 2nd Street,,Austin,TX,78701
593,Potential Winner,Lamberts - 401 West 2nd Street,,Austin,TX,78701
593,Potential Winner,Lamberts - 401 West 2nd Street,,Austin,TX,78701
297,Potential Winner,Lamberts - 401 West 2nd Street,,Austin,TX,78701
906,Potential Winner,Lamberts - 401 West 2nd Street,,Austin,TX,78701
28,Potential Winner,Lamberts - 401 West 2nd Street,,Austin,TX,78701
559,Potential Winner,Lamberts - 401 West 2nd Street,,Austin,TX,78701
297,Potential Winner,Lamberts - 401 West 2nd Street,,Austin,TX,78701
358,Potential Winner,Lamberts - 401 West 2nd Street,,Austin,TX,78701
332,Potential Winner,Lamberts - 401 West 2nd Street,,Austin,TX,78701
641,Potential Winner,Lamberts - 401 West 2nd Street,,Austin,TX,78701
692,Potential Winner,Lamberts - 401 West 2nd Street,,Austin,TX,78701
302,Potential Winner,Lamberts - 401 West 2nd Street,,Austin,TX,78701
232,Potential Winner,Lamberts - 401 West 2nd Street,,Austin,TX,78701
258,Potential Winner,Lamberts - 401 West 2nd Street,,Austin,TX,78701
206,Potential Winner,Lamberts - 401 West 2nd Street,,Austin,TX,78701
264,Potential Winner,Lamberts - 401 West 2nd Street,,Austin,TX,78701
562,Potential Winner,Lamberts - 401 West 2nd Street,,Austin,TX,78701
383,Potential Winner,Lamberts - 401 West 2nd Street,,Austin,TX,78701
644,Potential Winner,Lamberts - 401 West 2nd Street,,Austin,TX,78701
336,Potential Winner,Lamberts - 401 West 2nd Street,,Austin,TX,78701
131,Potential Winner,Lamberts - 401 West 2nd Street,,Austin,TX,78701
411,Potential Winner,Lamberts - 401 West 2nd Street,,Austin,TX,78701
480,Potential Winner,Lamberts - 401 West 2nd Street,,Austin,TX,78701
196,Potential Winner,Lamberts - 401 West 2nd Street,,Austin,TX,78701
655,Potential Winner,Lamberts - 401 West 2nd Street,,Austin,TX,78701
535,Potential Winner,Lamberts - 401 West 2nd Street,,Austin,TX,78701
265,Potential Winner,Lamberts - 401 West 2nd Street,,Austin,TX,78701
592,Potential Winner,Lamberts - 401 West 2nd Street,,Austin,TX,78701
481,Potential Winner,Lamberts - 401 West 2nd Street,,Austin,TX,78701
779,Potential Winner,Lamberts - 401 West 2nd Street,,Austin,TX,78701
776,Potential Winner,Lamberts - 401 West 2nd Street,,Austin,TX,78701
944,Potential Winner,Lamberts - 401 West 2nd Street,,Austin,TX,78701
699,Potential Winner,Lamberts - 401 West 2nd Street,,Austin,TX,78701
732,Potential Winner,Lamberts - 401 West 2nd Street,,Austin,TX,78701
497,Potential Winner,Lamberts - 401 West 2nd Street,,Austin,TX,78701
376,Potential Winner,Lamberts - 401 West 2nd Street,,Austin,TX,78701
156,Potential Winner,Lamberts - 401 West 2nd Street,,Austin,TX,78701
826,Potential Winner,Lamberts - 401 West 2nd Street,,Austin,TX,78701
699,Potential Winner,Lamberts - 401 West 2nd Street,,Austin,TX,78701
179,Potential Winner,Lamberts - 401 West 2nd Street,,Austin,TX,78701
773,Potential Winner,Lamberts - 401 West 2nd Street,,Austin,TX,78701
652,Potential Winner,Lamberts - 401 West 2nd Street,,Austin,TX,78701
669,Potential Winner,Lamberts - 401 West 2nd Street,,Austin,TX,78701
871,Potential Winner,Lamberts - 401 West 2nd Street,,Austin,TX,78701
463,Potential Winner,Lamberts - 401 West 2nd Street,,Austin,TX,78701
118,Potential Winner,Lamberts - 401 West 2nd Street,,Austin,TX,78701
46,Potential Winner,Lamberts - 401 West 2nd Street,,Austin,TX,78701
650,Potential Winner,Lamberts - 401 West 2nd Street,,Austin,TX,78701
950,Potential Winner,Lamberts - 401 West 2nd Street,,Austin,TX,78701
945,Potential Winner,Lamberts - 401 West 2nd Street,,Austin,TX,78701
602,Potential Winner,Lamberts - 401 West 2nd Street,,Austin,TX,78701
456,Potential Winner,Lamberts - 401 West 2nd Street,,Austin,TX,78701
184,Potential Winner,Lamberts - 401 West 2nd Street,,Austin,TX,78701
694,Potential Winner,Lamberts - 401 West 2nd Street,,Austin,TX,78701
116,Potential Winner,Lamberts - 401 West 2nd Street,,Austin,TX,78701
905,Potential Winner,Lamberts - 401 West 2nd Street,,Austin,TX,78701
215,Potential Winner,Lamberts - 401 West 2nd Street,,Austin,TX,78701
975,Potential Winner,Lamberts - 401 West 2nd Street,,Austin,TX,78701
425,Potential Winner,Lamberts - 401 West 2nd Street,,Austin,TX,78701
976,Potential Winner,Lamberts - 401 West 2nd Street,,Austin,TX,78701
905,Potential Winner,Lamberts - 401 West 2nd Street,,Austin,TX,78701
520,Potential Winner,Lamberts - 401 West 2nd Street,,Austin,TX,78701
371,Potential Winner,Lamberts - 401 West 2nd Street,,Austin,TX,78701
786,Potential Winner,Lamberts - 401 West 2nd Street,,Austin,TX,78701
100,Potential Winner,Lamberts - 401 West 2nd Street,,Austin,TX,78701
920,Potential Winner,Lamberts - 401 West 2nd Street,,Austin,TX,78701
18,Potential Winner,Lamberts - 401 West 2nd Street,,Austin,TX,78701
990,Potential Winner,Lamberts - 401 West 2nd Street,,Austin,TX,78701
820,Potential Winner,Lamberts - 401 West 2nd Street,,Austin,TX,78701
296,Potential Winner,Lamberts - 401 West 2nd Street,,Austin,TX,78701
803,Potential Winner,Lamberts - 401 West 2nd Street,,Austin,TX,78701
3,Potential Winner,Lamberts - 401 West 2nd Street,,Austin,TX,78701
907,Potential Winner,Lamberts - 401 West 2nd Street,,Austin,TX,78701
631,Potential Winner,Lamberts - 401 West 2nd Street,,Austin,TX,78701
517,Potential Winner,Lamberts - 401 West 2nd Street,,Austin,TX,78701
782,Potential Winner,Lamberts - 401 West 2nd Street,,Austin,TX,78701
542,Potential Winner,Lamberts - 401 West 2nd Street,,Austin,TX,78701
596,Potential Winner,Lamberts - 401 West 2nd Street,,Austin,TX,78701
49,Potential Winner,Lamberts - 401 West 2nd Street,,Austin,TX,78701
682,Potential Winner,Lamberts - 401 West 2nd Street,,Austin,TX,78701
104,Potential Winner,Lamberts - 401 West 2nd Street,,Austin,TX,78701
692,Potential Winner,Lamberts - 401 West 2nd Street,,Austin,TX,78701
734,Potential Winner,Lamberts - 401 West 2nd Street,,Austin,TX,78701
685,Potential Winner,Lamberts - 401 West 2nd Street,,Austin,TX,78701
969,Potential Winner,Lamberts - 401 West 2nd Street,,Austin,TX,78701
412,Potential Winner,Lamberts - 401 West 2nd Street,,Austin,TX,78701
620,Potential Winner,Lamberts - 401 West 2nd Street,,Austin,TX,78701
338,Potential Winner,Lamberts - 401 West 2nd Street,,Austin,TX,78701
358,Potential Winner,Lamberts - 401 West 2nd Street,,Austin,TX,78701
251,Potential Winner,Lamberts - 401 West 2nd Street,,Austin,TX,78701
908,Potential Winner,Lamberts - 401 West 2nd Street,,Austin,TX,78701
751,Potential Winner,Lamberts - 401 West 2nd Street,,Austin,TX,78701
987,Potential Winner,Lamberts - 401 West 2nd Street,,Austin,TX,78701
563,Potential Winner,Lamberts - 401 West 2nd Street,,Austin,TX,78701
852,Potential Winner,Lamberts - 401 West 2nd Street,,Austin,TX,78701
165,Potential Winner,Lamberts - 401 West 2nd Street,,Austin,TX,78701
355,Potential Winner,Lamberts - 401 West 2nd Street,,Austin,TX,78701
253,Potential Winner,Lamberts - 401 West 2nd Street,,Austin,TX,78701
952,Potential Winner,Lamberts - 401 West 2nd Street,,Austin,TX,78701
430,Potential Winner,Lamberts - 401 West 2nd Street,,Austin,TX,78701
517,Potential Winner,Lamberts - 401 West 2nd Street,,Austin,TX,78701
526,Potential Winner,Lamberts - 401 West 2nd Street,,Austin,TX,78701
8,Potential Winner,Lamberts - 401 West 2nd Street,,Austin,TX,78701
175,Potential Winner,Lamberts - 401 West 2nd Street,,Austin,TX,78701
105,Potential Winner,Lamberts - 401 West 2nd Street,,Austin,TX,78701
603,Potential Winner,Lamberts - 401 West 2nd Street,,Austin,TX,78701
192,Potential Winner,Lamberts - 401 West 2nd Street,,Austin,TX,78701
311,Potential Winner,Lamberts - 401 West 2nd Street,,Austin,TX,78701
608,Potential Winner,Lamberts - 401 West 2nd Street,,Austin,TX,78701
763,Potential Winner,Lamberts - 401 West 2nd Street,,Austin,TX,78701
250,Potential Winner,Lamberts - 401 West 2nd Street,,Austin,TX,78701
691,Potential Winner,Lamberts - 401 West 2nd Street,,Austin,TX,78701
653,Potential Winner,Lamberts - 401 West 2nd Street,,Austin,TX,78701
756,Potential Winner,Lamberts - 401 West 2nd Street,,Austin,TX,78701
114,Potential Winner,Lamberts - 401 West 2nd Street,,Austin,TX,78701
209,Potential Winner,Lamberts - 401 West 2nd Street,,Austin,TX,78701
558,Potential Winner,Lamberts - 401 West 2nd Street,,Austin,TX,78701
496,Potential Winner,Lamberts - 401 West 2nd Street,,Austin,TX,78701
301,Potential Winner,Lamberts - 401 West 2nd Street,,Austin,TX,78701
364,Potential Winner,Lamberts - 401 West 2nd Street,,Austin,TX,78701
713,Potential Winner,Lamberts - 401 West 2nd Street,,Austin,TX,78701
614,Potential Winner,Lamberts - 401 West 2nd Street,,Austin,TX,78701
174,Potential Winner,Lamberts - 401 West 2nd Street,,Austin,TX,78701
568,Potential Winner,Lamberts - 401 West 2nd Street,,Austin,TX,78701
186,Potential Winner,Lamberts - 401 West 2nd Street,,Austin,TX,78701
786,Potential Winner,Lamberts - 401 West 2nd Street,,Austin,TX,78701
512,Potential Winner,Lamberts - 401 West 2nd Street,,Austin,TX,78701
805,Potential Winner,Lamberts - 401 West 2nd Street,,Austin,TX,78701
930,Potential Winner,Lamberts - 401 West 2nd Street,,Austin,TX,78701
584,Potential Winner,Lamberts - 401 West 2nd Street,,Austin,TX,78701
580,Potential Winner,Lamberts - 401 West 2nd Street,,Austin,TX,78701
494,Potential Winner,Lamberts - 401 West 2nd Street,,Austin,TX,78701
551,Potential Winner,Lamberts - 401 West 2nd Street,,Austin,TX,78701
604,Potential Winner,Lamberts - 401 West 2nd Street,,Austin,TX,78701
416,Potential Winner,Lamberts - 401 West 2nd Street,,Austin,TX,78701
520,Potential Winner,Lamberts - 401 West 2nd Street,,Austin,TX,78701
56,Potential Winner,Lamberts - 401 West 2nd Street,,Austin,TX,78701
248,Potential Winner,Lamberts - 401 West 2nd Street,,Austin,TX,78701
565,Potential Winner,Lamberts - 401 West 2nd Street,,Austin,TX,78701
672,Potential Winner,Lamberts - 401 West 2nd Street,,Austin,TX,78701
980,Potential Winner,Lamberts - 401 West 2nd Street,,Austin,TX,78701
49,Potential Winner,Lamberts - 401 West 2nd Street,,Austin,TX,78701
980,Potential Winner,Lamberts - 401 West 2nd Street,,Austin,TX,78701
863,Potential Winner,Lamberts - 401 West 2nd Street,,Austin,TX,78701
552,Potential Winner,Lamberts - 401 West 2nd Street,,Austin,TX,78701
252,Potential Winner,Lamberts - 401 West 2nd Street,,Austin,TX,78701
816,Potential Winner,Lamberts - 401 West 2nd Street,,Austin,TX,78701
950,Potential Winner,Lamberts - 401 West 2nd Street,,Austin,TX,78701
283,Potential Winner,Lamberts - 401 West 2nd Street,,Austin,TX,78701
226,Potential Winner,Lamberts - 401 West 2nd Street,,Austin,TX,78701
206,Potential Winner,Lamberts - 401 West 2nd Street,,Austin,TX,78701
697,Potential Winner,Lamberts - 401 West 2nd Street,,Austin,TX,78701
947,Potential Winner,Lamberts - 401 West 2nd Street,,Austin,TX,78701
60,Potential Winner,Lamberts - 401 West 2nd Street,,Austin,TX,78701
557,Potential Winner,Lamberts - 401 West 2nd Street,,Austin,TX,78701
873,Potential Winner,Lamberts - 401 West 2nd Street,,Austin,TX,78701
469,Potential Winner,Lamberts - 401 West 2nd Street,,Austin,TX,78701
447,Potential Winner,Lamberts - 401 West 2nd Street,,Austin,TX,78701
