position,restricted
0,"1, Potential Winner
Lamberts - 401 West 2nd Street
Austin TX, 78701"
1,"2, Potential Winner
Lamberts - 401 West 2nd Street
Austin TX, 78701"
2,"3, Potential Winner
Lamberts - 401 West 2nd Street
Austin TX, 78701"
3,"4, Potential Winner
Lamberts - 401 West 2nd Street
Austin TX, 78701"
4,"5, Potential Winner
Lamberts - 401 West 2nd Street
Austin TX, 78701"
5,"6, Potential Winner
Lamberts - 401 West 2nd Street
Austin TX, 78701"
6,"7, Potential Winner
Lamberts - 401 West 2nd Street
Austin TX, 78701"
7,"8, Potential Winner
Lamberts - 401 West 2nd Street
Austin TX, 78701"
8,"9, Potential Winner
Lamberts - 401 West 2nd Street
Austin TX, 78701"
9,"10, Potential Winner
Lamberts - 401 West 2nd Street
Austin TX, 78701"
10,"11, Potential Winner
Lamberts - 401 West 2nd Street
Austin TX, 78701"
11,"12, Potential Winner
Lamberts - 401 West 2nd Street
Austin TX, 78701"
12,"13, Potential Winner
Lamberts - 401 West 2nd Street
Austin TX, 78701"
13,"14, Potential Winner
Lamberts - 401 West 2nd Street
Austin TX, 78701"
14,"15, Potential Winner
Lamberts - 401 West 2nd Street
Austin TX, 78701"
15,"16, Potential Winner
Lamberts - 401 West 2nd Street
Austin TX, 78701"
16,"17, Potential Winner
Lamberts - 401 West 2nd Street
Austin TX, 78701"
17,"18, Potential Winner
Lamberts - 401 West 2nd Street
Austin TX, 78701"
18,"19, Potential Winner
Lamberts - 401 West 2nd Street
Austin TX, 78701"
19,"20, Potential Winner
Lamberts - 401 West 2nd Street
Austin TX, 78701"
20,"21, Potential Winner
Lamberts - 401 West 2nd Street
Austin TX, 78701"
21,"22, Potential Winner
Lamberts - 401 West 2nd Street
Austin TX, 78701"
22,"23, Potential Winner
Lamberts - 401 West 2nd Street
Austin TX, 78701"
23,"24, Potential Winner
Lamberts - 401 West 2nd Street
Austin TX, 78701"
24,"25, Potential Winner
Lamberts - 401 West 2nd Street
Austin TX, 78701"
25,"26, Potential Winner
Lamberts - 401 West 2nd Street
Austin TX, 78701"
26,"27, Potential Winner
Lamberts - 401 West 2nd Street
Austin TX, 78701"
27,"28, Potential Winner
Lamberts - 401 West 2nd Street
Austin TX, 78701"
28,"29, Potential Winner
Lamberts - 401 West 2nd Street
Austin TX, 78701"
29,"30, Potential Winner
Lamberts - 401 West 2nd Street
Austin TX, 78701"
30,"31, Potential Winner
Lamberts - 401 West 2nd Street
Austin TX, 78701"
31,"32, Potential Winner
Lamberts - 401 West 2nd Street
Austin TX, 78701"
32,"33, Potential Winner
Lamberts - 401 West 2nd Street
Austin TX, 78701"
33,"34, Potential Winner
Lamberts - 401 West 2nd Street
Austin TX, 78701"
34,"35, Potential Winner
Lamberts - 401 West 2nd Street
Austin TX, 78701"
35,"36, Potential Winner
Lamberts - 401 West 2nd Street
Austin TX, 78701"
36,"37, Potential Winner
Lamberts - 401 West 2nd Street
Austin TX, 78701"
37,"38, Potential Winner
Lamberts - 401 West 2nd Street
Austin TX, 78701"
38,"39, Potential Winner
Lamberts - 401 West 2nd Street
Austin TX, 78701"
39,"40, Potential Winner
Lamberts - 401 West 2nd Street
Austin TX, 78701"
40,"41, Potential Winner
Lamberts - 401 West 2nd Street
Austin TX, 78701"
41,"42, Potential Winner
Lamberts - 401 West 2nd Street
Austin TX, 78701"
42,"43, Potential Winner
Lamberts - 401 West 2nd Street
Austin TX, 78701"
43,"44, Potential Winner
Lamberts - 401 West 2nd Street
Austin TX, 78701"
44,"45, Potential Winner
Lamberts - 401 West 2nd Street
Austin TX, 78701"
45,"46, Potential Winner
Lamberts - 401 West 2nd Street
Austin TX, 78701"
46,"47, Potential Winner
Lamberts - 401 West 2nd Street
Austin TX, 78701"
47,"48, Potential Winner
Lamberts - 401 West 2nd Street
Austin TX, 78701"
48,"49, Potential Winner
Lamberts - 401 West 2nd Street
Austin TX, 78701"
49,"50, Potential Winner
Lamberts - 401 West 2nd Street
Austin TX, 78701"
50,"51, Potential Winner
Lamberts - 401 West 2nd Street
Austin TX, 78701"
51,"52, Potential Winner
Lamberts - 401 West 2nd Street
Austin TX, 78701"
52,"53, Potential Winner
Lamberts - 401 West 2nd Street
Austin TX, 78701"
53,"54, Potential Winner
Lamberts - 401 West 2nd Street
Austin TX, 78701"
54,"55, Potential Winner
Lamberts - 401 West 2nd Street
Austin TX, 78701"
55,"56, Potential Winner
Lamberts - 401 West 2nd Street
Austin TX, 78701"
56,"57, Potential Winner
Lamberts - 401 West 2nd Street
Austin TX, 78701"
57,"58, Potential Winner
Lamberts - 401 West 2nd Street
Austin TX, 78701"
58,"59, Potential Winner
Lamberts - 401 West 2nd Street
Austin TX, 78701"
59,"60, Potential Winner
Lamberts - 401 West 2nd Street
Austin TX, 78701"
60,"61, Potential Winner
Lamberts - 401 West 2nd Street
Austin TX, 78701"
61,"62, Potential Winner
Lamberts - 401 West 2nd Street
Austin TX, 78701"
62,"63, Potential Winner
Lamberts - 401 West 2nd Street
Austin TX, 78701"
63,"64, Potential Winner
Lamberts - 401 West 2nd Street
Austin TX, 78701"
64,"65, Potential Winner
Lamberts - 401 West 2nd Street
Austin TX, 78701"
65,"66, Potential Winner
Lamberts - 401 West 2nd Street
Austin TX, 78701"
66,"67, Potential Winner
Lamberts - 401 West 2nd Street
Austin TX, 78701"
67,"68, Potential Winner
Lamberts - 401 West 2nd Street
Austin TX, 78701"
68,"69, Potential Winner
Lamberts - 401 West 2nd Street
Austin TX, 78701"
69,"70, Potential Winner
Lamberts - 401 West 2nd Street
Austin TX, 78701"
70,"71, Potential Winner
Lamberts - 401 West 2nd Street
Austin TX, 78701"
71,"72, Potential Winner
Lamberts - 401 West 2nd Street
Austin TX, 78701"
72,"73, Potential Winner
Lamberts - 401 West 2nd Street
Austin TX, 78701"
73,"74, Potential Winner
Lamberts - 401 West 2nd Street
Austin TX, 78701"
74,"75, Potential Winner
Lamberts - 401 West 2nd Street
Austin TX, 78701"
75,"76, Potential Winner
Lamberts - 401 West 2nd Street
Austin TX, 78701"
76,"77, Potential Winner
Lamberts - 401 West 2nd Street
Austin TX, 78701"
77,"78, Potential Winner
Lamberts - 401 West 2nd Street
Austin TX, 78701"
78,"79, Potential Winner
Lamberts - 401 West 2nd Street
Austin TX, 78701"
79,"80, Potential Winner
Lamberts - 401 West 2nd Street
Austin TX, 78701"
80,"81, Potential Winner
Lamberts - 401 West 2nd Street
Austin TX, 78701"
81,"82, Potential Winner
Lamberts - 401 West 2nd Street
Austin TX, 78701"
82,"83, Potential Winner
Lamberts - 401 West 2nd Street
Austin TX, 78701"
83,"84, Potential Winner
Lamberts - 401 West 2nd Street
Austin TX, 78701"
84,"85, Potential Winner
Lamberts - 401 West 2nd Street
Austin TX, 78701"
85,"86, Potential Winner
Lamberts - 401 West 2nd Street
Austin TX, 78701"
86,"87, Potential Winner
Lamberts - 401 West 2nd Street
Austin TX, 78701"
87,"88, Potential Winner
Lamberts - 401 West 2nd Street
Austin TX, 78701"
88,"89, Potential Winner
Lamberts - 401 West 2nd Street
Austin TX, 78701"
89,"90, Potential Winner
Lamberts - 401 West 2nd Street
Austin TX, 78701"
90,"91, Potential Winner
Lamberts - 401 West 2nd Street
Austin TX, 78701"
91,"92, Potential Winner
Lamberts - 401 West 2nd Street
Austin TX, 78701"
92,"93, Potential Winner
Lamberts - 401 West 2nd Street
Austin TX, 78701"
93,"94, Potential Winner
Lamberts - 401 West 2nd Street
Austin TX, 78701"
94,"95, Potential Winner
Lamberts - 401 West 2nd Street
Austin TX, 78701"
95,"96, Potential Winner
Lamberts - 401 West 2nd Street
Austin TX, 78701"
96,"97, Potential Winner
Lamberts - 401 West 2nd Street
Austin TX, 78701"
97,"98, Potential Winner
Lamberts - 401 West 2nd Street
Austin TX, 78701"
98,"99, Potential Winner
Lamberts - 401 West 2nd Street
Austin TX, 78701"
99,"100, Potential Winner
Lamberts - 401 West 2nd Street
Austin TX, 78701"
100,"101, Potential Winner
Lamberts - 401 West 2nd Street
Austin TX, 78701"
101,"102, Potential Winner
Lamberts - 401 West 2nd Street
Austin TX, 78701"
102,"103, Potential Winner
Lamberts - 401 West 2nd Street
Austin TX, 78701"
103,"104, Potential Winner
Lamberts - 401 West 2nd Street
Austin TX, 78701"
104,"105, Potential Winner
Lamberts - 401 West 2nd Street
Austin TX, 78701"
105,"106, Potential Winner
Lamberts - 401 West 2nd Street
Austin TX, 78701"
106,"107, Potential Winner
Lamberts - 401 West 2nd Street
Austin TX, 78701"
107,"108, Potential Winner
Lamberts - 401 West 2nd Street
Austin TX, 78701"
108,"109, Potential Winner
Lamberts - 401 West 2nd Street
Austin TX, 78701"
109,"110, Potential Winner
Lamberts - 401 West 2nd Street
Austin TX, 78701"
110,"111, Potential Winner
Lamberts - 401 West 2nd Street
Austin TX, 78701"
111,"112, Potential Winner
Lamberts - 401 West 2nd Street
Austin TX, 78701"
112,"113, Potential Winner
Lamberts - 401 West 2nd Street
Austin TX, 78701"
113,"114, Potential Winner
Lamberts - 401 West 2nd Street
Austin TX, 78701"
114,"115, Potential Winner
Lamberts - 401 West 2nd Street
Austin TX, 78701"
115,"116, Potential Winner
Lamberts - 401 West 2nd Street
Austin TX, 78701"
116,"117, Potential Winner
Lamberts - 401 West 2nd Street
Austin TX, 78701"
117,"118, Potential Winner
Lamberts - 401 West 2nd Street
Austin TX, 78701"
118,"119, Potential Winner
Lamberts - 401 West 2nd Street
Austin TX, 78701"
119,"120, Potential Winner
Lamberts - 401 West 2nd Street
Austin TX, 78701"
120,"121, Potential Winner
Lamberts - 401 West 2nd Street
Austin TX, 78701"
121,"122, Potential Winner
Lamberts - 401 West 2nd Street
Austin TX, 78701"
122,"123, Potential Winner
Lamberts - 401 West 2nd Street
Austin TX, 78701"
123,"124, Potential Winner
Lamberts - 401 West 2nd Street
Austin TX, 78701"
124,"125, Potential Winner
Lamberts - 401 West 2nd Street
Austin TX, 78701"
125,"126, Potential Winner
Lamberts - 401 West 2nd Street
Austin TX, 78701"
126,"127, Potential Winner
Lamberts - 401 West 2nd Street
Austin TX, 78701"
127,"128, Potential Winner
Lamberts - 401 West 2nd Street
Austin TX, 78701"
128,"129, Potential Winner
Lamberts - 401 West 2nd Street
Austin TX, 78701"
129,"130, Potential Winner
Lamberts - 401 West 2nd Street
Austin TX, 78701"
130,"131, Potential Winner
Lamberts - 401 West 2nd Street
Austin TX, 78701"
131,"132, Potential Winner
Lamberts - 401 West 2nd Street
Austin TX, 78701"
132,"133, Potential Winner
Lamberts - 401 West 2nd Street
Austin TX, 78701"
133,"134, Potential Winner
Lamberts - 401 West 2nd Street
Austin TX, 78701"
134,"135, Potential Winner
Lamberts - 401 West 2nd Street
Austin TX, 78701"
135,"136, Potential Winner
Lamberts - 401 West 2nd Street
Austin TX, 78701"
136,"137, Potential Winner
Lamberts - 401 West 2nd Street
Austin TX, 78701"
137,"138, Potential Winner
Lamberts - 401 West 2nd Street
Austin TX, 78701"
138,"139, Potential Winner
Lamberts - 401 West 2nd Street
Austin TX, 78701"
139,"140, Potential Winner
Lamberts - 401 West 2nd Street
Austin TX, 78701"
140,"141, Potential Winner
Lamberts - 401 West 2nd Street
Austin TX, 78701"
141,"142, Potential Winner
Lamberts - 401 West 2nd Street
Austin TX, 78701"
142,"143, Potential Winner
Lamberts - 401 West 2nd Street
Austin TX, 78701"
143,"144, Potential Winner
Lamberts - 401 West 2nd Street
Austin TX, 78701"
144,"145, Potential Winner
Lamberts - 401 West 2nd Street
Austin TX, 78701"
145,"146, Potential Winner
Lamberts - 401 West 2nd Street
Austin TX, 78701"
146,"147, Potential Winner
Lamberts - 401 West 2nd Street
Austin TX, 78701"
147,"148, Potential Winner
Lamberts - 401 West 2nd Street
Austin TX, 78701"
148,"149, Potential Winner
Lamberts - 401 West 2nd Street
Austin TX, 78701"
149,"150, Potential Winner
Lamberts - 401 West 2nd Street
Austin TX, 78701"
150,"151, Potential Winner
Lamberts - 401 West 2nd Street
Austin TX, 78701"
151,"152, Potential Winner
Lamberts - 401 West 2nd Street
Austin TX, 78701"
152,"153, Potential Winner
Lamberts - 401 West 2nd Street
Austin TX, 78701"
153,"154, Potential Winner
Lamberts - 401 West 2nd Street
Austin TX, 78701"
154,"155, Potential Winner
Lamberts - 401 West 2nd Street
Austin TX, 78701"
155,"156, Potential Winner
Lamberts - 401 West 2nd Street
Austin TX, 78701"
156,"157, Potential Winner
Lamberts - 401 West 2nd Street
Austin TX, 78701"
157,"158, Potential Winner
Lamberts - 401 West 2nd Street
Austin TX, 78701"
158,"159, Potential Winner
Lamberts - 401 West 2nd Street
Austin TX, 78701"
159,"160, Potential Winner
Lamberts - 401 West 2nd Street
Austin TX, 78701"
160,"161, Potential Winner
Lamberts - 401 West 2nd Street
Austin TX, 78701"
161,"162, Potential Winner
Lamberts - 401 West 2nd Street
Austin TX, 78701"
162,"163, Potential Winner
Lamberts - 401 West 2nd Street
Austin TX, 78701"
163,"164, Potential Winner
Lamberts - 401 West 2nd Street
Austin TX, 78701"
164,"165, Potential Winner
Lamberts - 401 West 2nd Street
Austin TX, 78701"
165,"166, Potential Winner
Lamberts - 401 West 2nd Street
Austin TX, 78701"
166,"167, Potential Winner
Lamberts - 401 West 2nd Street
Austin TX, 78701"
167,"168, Potential Winner
Lamberts - 401 West 2nd Street
Austin TX, 78701"
168,"169, Potential Winner
Lamberts - 401 West 2nd Street
Austin TX, 78701"
169,"170, Potential Winner
Lamberts - 401 West 2nd Street
Austin TX, 78701"
170,"171, Potential Winner
Lamberts - 401 West 2nd Street
Austin TX, 78701"
171,"172, Potential Winner
Lamberts - 401 West 2nd Street
Austin TX, 78701"
172,"173, Potential Winner
Lamberts - 401 West 2nd Street
Austin TX, 78701"
173,"174, Potential Winner
Lamberts - 401 West 2nd Street
Austin TX, 78701"
174,"175, Potential Winner
Lamberts - 401 West 2nd Street
Austin TX, 78701"
175,"176, Potential Winner
Lamberts - 401 West 2nd Street
Austin TX, 78701"
176,"177, Potential Winner
Lamberts - 401 West 2nd Street
Austin TX, 78701"
177,"178, Potential Winner
Lamberts - 401 West 2nd Street
Austin TX, 78701"
178,"179, Potential Winner
Lamberts - 401 West 2nd Street
Austin TX, 78701"
179,"180, Potential Winner
Lamberts - 401 West 2nd Street
Austin TX, 78701"
180,"181, Potential Winner
Lamberts - 401 West 2nd Street
Austin TX, 78701"
181,"182, Potential Winner
Lamberts - 401 West 2nd Street
Austin TX, 78701"
182,"183, Potential Winner
Lamberts - 401 West 2nd Street
Austin TX, 78701"
183,"184, Potential Winner
Lamberts - 401 West 2nd Street
Austin TX, 78701"
184,"185, Potential Winner
Lamberts - 401 West 2nd Street
Austin TX, 78701"
185,"186, Potential Winner
Lamberts - 401 West 2nd Street
Austin TX, 78701"
186,"187, Potential Winner
Lamberts - 401 West 2nd Street
Austin TX, 78701"
187,"188, Potential Winner
Lamberts - 401 West 2nd Street
Austin TX, 78701"
188,"189, Potential Winner
Lamberts - 401 West 2nd Street
Austin TX, 78701"
189,"190, Potential Winner
Lamberts - 401 West 2nd Street
Austin TX, 78701"
190,"191, Potential Winner
Lamberts - 401 West 2nd Street
Austin TX, 78701"
191,"192, Potential Winner
Lamberts - 401 West 2nd Street
Austin TX, 78701"
192,"193, Potential Winner
Lamberts - 401 West 2nd Street
Austin TX, 78701"
193,"194, Potential Winner
Lamberts - 401 West 2nd Street
Austin TX, 78701"
194,"195, Potential Winner
Lamberts - 401 West 2nd Street
Austin TX, 78701"
195,"196, Potential Winner
Lamberts - 401 West 2nd Street
Austin TX, 78701"
196,"197, Potential Winner
Lamberts - 401 West 2nd Street
Austin TX, 78701"
197,"198, Potential Winner
Lamberts - 401 West 2nd Street
Austin TX, 78701"
198,"199, Potential Winner
Lamberts - 401 West 2nd Street
Austin TX, 78701"
199,"200, Potential Winner
Lamberts - 401 West 2nd Street
Austin TX, 78701"
200,"201, Potential Winner
Lamberts - 401 West 2nd Street
Austin TX, 78701"
201,"202, Potential Winner
Lamberts - 401 West 2nd Street
Austin TX, 78701"
202,"203, Potential Winner
Lamberts - 401 West 2nd Street
Austin TX, 78701"
203,"204, Potential Winner
Lamberts - 401 West 2nd Street
Austin TX, 78701"
204,"205, Potential Winner
Lamberts - 401 West 2nd Street
Austin TX, 78701"
205,"206, Potential Winner
Lamberts - 401 West 2nd Street
Austin TX, 78701"
206,"207, Potential Winner
Lamberts - 401 West 2nd Street
Austin TX, 78701"
207,"208, Potential Winner
Lamberts - 401 West 2nd Street
Austin TX, 78701"
208,"209, Potential Winner
Lamberts - 401 West 2nd Street
Austin TX, 78701"
209,"210, Potential Winner
Lamberts - 401 West 2nd Street
Austin TX, 78701"
210,"211, Potential Winner
Lamberts - 401 West 2nd Street
Austin TX, 78701"
211,"212, Potential Winner
Lamberts - 401 West 2nd Street
Austin TX, 78701"
212,"213, Potential Winner
Lamberts - 401 West 2nd Street
Austin TX, 78701"
213,"214, Potential Winner
Lamberts - 401 West 2nd Street
Austin TX, 78701"
214,"215, Potential Winner
Lamberts - 401 West 2nd Street
Austin TX, 78701"
215,"216, Potential Winner
Lamberts - 401 West 2nd Street
Austin TX, 78701"
216,"217, Potential Winner
Lamberts - 401 West 2nd Street
Austin TX, 78701"
217,"218, Potential Winner
Lamberts - 401 West 2nd Street
Austin TX, 78701"
218,"219, Potential Winner
Lamberts - 401 West 2nd Street
Austin TX, 78701"
219,"220, Potential Winner
Lamberts - 401 West 2nd Street
Austin TX, 78701"
220,"221, Potential Winner
Lamberts - 401 West 2nd Street
Austin TX, 78701"
221,"222, Potential Winner
Lamberts - 401 West 2nd Street
Austin TX, 78701"
222,"223, Potential Winner
Lamberts - 401 West 2nd Street
Austin TX, 78701"
223,"224, Potential Winner
Lamberts - 401 West 2nd Street
Austin TX, 78701"
224,"225, Potential Winner
Lamberts - 401 West 2nd Street
Austin TX, 78701"
225,"226, Potential Winner
Lamberts - 401 West 2nd Street
Austin TX, 78701"
226,"227, Potential Winner
Lamberts - 401 West 2nd Street
Austin TX, 78701"
227,"228, Potential Winner
Lamberts - 401 West 2nd Street
Austin TX, 78701"
228,"229, Potential Winner
Lamberts - 401 West 2nd Street
Austin TX, 78701"
229,"230, Potential Winner
Lamberts - 401 West 2nd Street
Austin TX, 78701"
230,"231, Potential Winner
Lamberts - 401 West 2nd Street
Austin TX, 78701"
231,"232, Potential Winner
Lamberts - 401 West 2nd Street
Austin TX, 78701"
232,"233, Potential Winner
Lamberts - 401 West 2nd Street
Austin TX, 78701"
233,"234, Potential Winner
Lamberts - 401 West 2nd Street
Austin TX, 78701"
234,"235, Potential Winner
Lamberts - 401 West 2nd Street
Austin TX, 78701"
235,"236, Potential Winner
Lamberts - 401 West 2nd Street
Austin TX, 78701"
236,"237, Potential Winner
Lamberts - 401 West 2nd Street
Austin TX, 78701"
237,"238, Potential Winner
Lamberts - 401 West 2nd Street
Austin TX, 78701"
238,"239, Potential Winner
Lamberts - 401 West 2nd Street
Austin TX, 78701"
239,"240, Potential Winner
Lamberts - 401 West 2nd Street
Austin TX, 78701"
240,"241, Potential Winner
Lamberts - 401 West 2nd Street
Austin TX, 78701"
241,"242, Potential Winner
Lamberts - 401 West 2nd Street
Austin TX, 78701"
242,"243, Potential Winner
Lamberts - 401 West 2nd Street
Austin TX, 78701"
243,"244, Potential Winner
Lamberts - 401 West 2nd Street
Austin TX, 78701"
244,"245, Potential Winner
Lamberts - 401 West 2nd Street
Austin TX, 78701"
245,"246, Potential Winner
Lamberts - 401 West 2nd Street
Austin TX, 78701"
246,"247, Potential Winner
Lamberts - 401 West 2nd Street
Austin TX, 78701"
247,"248, Potential Winner
Lamberts - 401 West 2nd Street
Austin TX, 78701"
248,"249, Potential Winner
Lamberts - 401 West 2nd Street
Austin TX, 78701"
249,"250, Potential Winner
Lamberts - 401 West 2nd Street
Austin TX, 78701"
250,"251, Potential Winner
Lamberts - 401 West 2nd Street
Austin TX, 78701"
251,"252, Potential Winner
Lamberts - 401 West 2nd Street
Austin TX, 78701"
252,"253, Potential Winner
Lamberts - 401 West 2nd Street
Austin TX, 78701"
253,"254, Potential Winner
Lamberts - 401 West 2nd Street
Austin TX, 78701"
254,"255, Potential Winner
Lamberts - 401 West 2nd Street
Austin TX, 78701"
255,"256, Potential Winner
Lamberts - 401 West 2nd Street
Austin TX, 78701"
256,"257, Potential Winner
Lamberts - 401 West 2nd Street
Austin TX, 78701"
257,"258, Potential Winner
Lamberts - 401 West 2nd Street
Austin TX, 78701"
258,"259, Potential Winner
Lamberts - 401 West 2nd Street
Austin TX, 78701"
259,"260, Potential Winner
Lamberts - 401 West 2nd Street
Austin TX, 78701"
260,"261, Potential Winner
Lamberts - 401 West 2nd Street
Austin TX, 78701"
261,"262, Potential Winner
Lamberts - 401 West 2nd Street
Austin TX, 78701"
262,"263, Potential Winner
Lamberts - 401 West 2nd Street
Austin TX, 78701"
263,"264, Potential Winner
Lamberts - 401 West 2nd Street
Austin TX, 78701"
264,"265, Potential Winner
Lamberts - 401 West 2nd Street
Austin TX, 78701"
265,"266, Potential Winner
Lamberts - 401 West 2nd Street
Austin TX, 78701"
266,"267, Potential Winner
Lamberts - 401 West 2nd Street
Austin TX, 78701"
267,"268, Potential Winner
Lamberts - 401 West 2nd Street
Austin TX, 78701"
268,"269, Potential Winner
Lamberts - 401 West 2nd Street
Austin TX, 78701"
269,"270, Potential Winner
Lamberts - 401 West 2nd Street
Austin TX, 78701"
270,"271, Potential Winner
Lamberts - 401 West 2nd Street
Austin TX, 78701"
271,"272, Potential Winner
Lamberts - 401 West 2nd Street
Austin TX, 78701"
272,"273, Potential Winner
Lamberts - 401 West 2nd Street
Austin TX, 78701"
273,"274, Potential Winner
Lamberts - 401 West 2nd Street
Austin TX, 78701"
274,"275, Potential Winner
Lamberts - 401 West 2nd Street
Austin TX, 78701"
275,"276, Potential Winner
Lamberts - 401 West 2nd Street
Austin TX, 78701"
276,"277, Potential Winner
Lamberts - 401 West 2nd Street
Austin TX, 78701"
277,"278, Potential Winner
Lamberts - 401 West 2nd Street
Austin TX, 78701"
278,"279, Potential Winner
Lamberts - 401 West 2nd Street
Austin TX, 78701"
279,"280, Potential Winner
Lamberts - 401 West 2nd Street
Austin TX, 78701"
280,"281, Potential Winner
Lamberts - 401 West 2nd Street
Austin TX, 78701"
281,"282, Potential Winner
Lamberts - 401 West 2nd Street
Austin TX, 78701"
282,"283, Potential Winner
Lamberts - 401 West 2nd Street
Austin TX, 78701"
283,"284, Potential Winner
Lamberts - 401 West 2nd Street
Austin TX, 78701"
284,"285, Potential Winner
Lamberts - 401 West 2nd Street
Austin TX, 78701"
285,"286, Potential Winner
Lamberts - 401 West 2nd Street
Austin TX, 78701"
286,"287, Potential Winner
Lamberts - 401 West 2nd Street
Austin TX, 78701"
287,"288, Potential Winner
Lamberts - 401 West 2nd Street
Austin TX, 78701"
288,"289, Potential Winner
Lamberts - 401 West 2nd Street
Austin TX, 78701"
289,"290, Potential Winner
Lamberts - 401 West 2nd Street
Austin TX, 78701"
290,"291, Potential Winner
Lamberts - 401 West 2nd Street
Austin TX, 78701"
291,"292, Potential Winner
Lamberts - 401 West 2nd Street
Austin TX, 78701"
292,"293, Potential Winner
Lamberts - 401 West 2nd Street
Austin TX, 78701"
293,"294, Potential Winner
Lamberts - 401 West 2nd Street
Austin TX, 78701"
294,"295, Potential Winner
Lamberts - 401 West 2nd Street
Austin TX, 78701"
295,"296, Potential Winner
Lamberts - 401 West 2nd Street
Austin TX, 78701"
296,"297, Potential Winner
Lamberts - 401 West 2nd Street
Austin TX, 78701"
297,"298, Potential Winner
Lamberts - 401 West 2nd Street
Austin TX, 78701"
298,"299, Potential Winner
Lamberts - 401 West 2nd Street
Austin TX, 78701"
299,"300, Potential Winner
Lamberts - 401 West 2nd Street
Austin TX, 78701"
300,"301, Potential Winner
Lamberts - 401 West 2nd Street
Austin TX, 78701"
301,"302, Potential Winner
Lamberts - 401 West 2nd Street
Austin TX, 78701"
302,"303, Potential Winner
Lamberts - 401 West 2nd Street
Austin TX, 78701"
303,"304, Potential Winner
Lamberts - 401 West 2nd Street
Austin TX, 78701"
304,"305, Potential Winner
Lamberts - 401 West 2nd Street
Austin TX, 78701"
305,"306, Potential Winner
Lamberts - 401 West 2nd Street
Austin TX, 78701"
306,"307, Potential Winner
Lamberts - 401 West 2nd Street
Austin TX, 78701"
307,"308, Potential Winner
Lamberts - 401 West 2nd Street
Austin TX, 78701"
308,"309, Potential Winner
Lamberts - 401 West 2nd Street
Austin TX, 78701"
309,"310, Potential Winner
Lamberts - 401 West 2nd Street
Austin TX, 78701"
310,"311, Potential Winner
Lamberts - 401 West 2nd Street
Austin TX, 78701"
311,"312, Potential Winner
Lamberts - 401 West 2nd Street
Austin TX, 78701"
312,"313, Potential Winner
Lamberts - 401 West 2nd Street
Austin TX, 78701"
313,"314, Potential Winner
Lamberts - 401 West 2nd Street
Austin TX, 78701"
314,"315, Potential Winner
Lamberts - 401 West 2nd Street
Austin TX, 78701"
315,"316, Potential Winner
Lamberts - 401 West 2nd Street
Austin TX, 78701"
316,"317, Potential Winner
Lamberts - 401 West 2nd Street
Austin TX, 78701"
317,"318, Potential Winner
Lamberts - 401 West 2nd Street
Austin TX, 78701"
318,"319, Potential Winner
Lamberts - 401 West 2nd Street
Austin TX, 78701"
319,"320, Potential Winner
Lamberts - 401 West 2nd Street
Austin TX, 78701"
320,"321, Potential Winner
Lamberts - 401 West 2nd Street
Austin TX, 78701"
321,"322, Potential Winner
Lamberts - 401 West 2nd Street
Austin TX, 78701"
322,"323, Potential Winner
Lamberts - 401 West 2nd Street
Austin TX, 78701"
323,"324, Potential Winner
Lamberts - 401 West 2nd Street
Austin TX, 78701"
324,"325, Potential Winner
Lamberts - 401 West 2nd Street
Austin TX, 78701"
325,"326, Potential Winner
Lamberts - 401 West 2nd Street
Austin TX, 78701"
326,"327, Potential Winner
Lamberts - 401 West 2nd Street
Austin TX, 78701"
327,"328, Potential Winner
Lamberts - 401 West 2nd Street
Austin TX, 78701"
328,"329, Potential Winner
Lamberts - 401 West 2nd Street
Austin TX, 78701"
329,"330, Potential Winner
Lamberts - 401 West 2nd Street
Austin TX, 78701"
330,"331, Potential Winner
Lamberts - 401 West 2nd Street
Austin TX, 78701"
331,"332, Potential Winner
Lamberts - 401 West 2nd Street
Austin TX, 78701"
332,"333, Potential Winner
Lamberts - 401 West 2nd Street
Austin TX, 78701"
333,"334, Potential Winner
Lamberts - 401 West 2nd Street
Austin TX, 78701"
334,"335, Potential Winner
Lamberts - 401 West 2nd Street
Austin TX, 78701"
335,"336, Potential Winner
Lamberts - 401 West 2nd Street
Austin TX, 78701"
336,"337, Potential Winner
Lamberts - 401 West 2nd Street
Austin TX, 78701"
337,"338, Potential Winner
Lamberts - 401 West 2nd Street
Austin TX, 78701"
338,"339, Potential Winner
Lamberts - 401 West 2nd Street
Austin TX, 78701"
339,"340, Potential Winner
Lamberts - 401 West 2nd Street
Austin TX, 78701"
340,"341, Potential Winner
Lamberts - 401 West 2nd Street
Austin TX, 78701"
341,"342, Potential Winner
Lamberts - 401 West 2nd Street
Austin TX, 78701"
342,"343, Potential Winner
Lamberts - 401 West 2nd Street
Austin TX, 78701"
343,"344, Potential Winner
Lamberts - 401 West 2nd Street
Austin TX, 78701"
344,"345, Potential Winner
Lamberts - 401 West 2nd Street
Austin TX, 78701"
345,"346, Potential Winner
Lamberts - 401 West 2nd Street
Austin TX, 78701"
346,"347, Potential Winner
Lamberts - 401 West 2nd Street
Austin TX, 78701"
347,"348, Potential Winner
Lamberts - 401 West 2nd Street
Austin TX, 78701"
348,"349, Potential Winner
Lamberts - 401 West 2nd Street
Austin TX, 78701"
349,"350, Potential Winner
Lamberts - 401 West 2nd Street
Austin TX, 78701"
350,"351, Potential Winner
Lamberts - 401 West 2nd Street
Austin TX, 78701"
351,"352, Potential Winner
Lamberts - 401 West 2nd Street
Austin TX, 78701"
352,"353, Potential Winner
Lamberts - 401 West 2nd Street
Austin TX, 78701"
353,"354, Potential Winner
Lamberts - 401 West 2nd Street
Austin TX, 78701"
354,"355, Potential Winner
Lamberts - 401 West 2nd Street
Austin TX, 78701"
355,"356, Potential Winner
Lamberts - 401 West 2nd Street
Austin TX, 78701"
356,"357, Potential Winner
Lamberts - 401 West 2nd Street
Austin TX, 78701"
357,"358, Potential Winner
Lamberts - 401 West 2nd Street
Austin TX, 78701"
358,"359, Potential Winner
Lamberts - 401 West 2nd Street
Austin TX, 78701"
359,"360, Potential Winner
Lamberts - 401 West 2nd Street
Austin TX, 78701"
360,"361, Potential Winner
Lamberts - 401 West 2nd Street
Austin TX, 78701"
361,"362, Potential Winner
Lamberts - 401 West 2nd Street
Austin TX, 78701"
362,"363, Potential Winner
Lamberts - 401 West 2nd Street
Austin TX, 78701"
363,"364, Potential Winner
Lamberts - 401 West 2nd Street
Austin TX, 78701"
364,"365, Potential Winner
Lamberts - 401 West 2nd Street
Austin TX, 78701"
365,"366, Potential Winner
Lamberts - 401 West 2nd Street
Austin TX, 78701"
366,"367, Potential Winner
Lamberts - 401 West 2nd Street
Austin TX, 78701"
367,"368, Potential Winner
Lamberts - 401 West 2nd Street
Austin TX, 78701"
368,"369, Potential Winner
Lamberts - 401 West 2nd Street
Austin TX, 78701"
369,"370, Potential Winner
Lamberts - 401 West 2nd Street
Austin TX, 78701"
370,"371, Potential Winner
Lamberts - 401 West 2nd Street
Austin TX, 78701"
371,"372, Potential Winner
Lamberts - 401 West 2nd Street
Austin TX, 78701"
372,"373, Potential Winner
Lamberts - 401 West 2nd Street
Austin TX, 78701"
373,"374, Potential Winner
Lamberts - 401 West 2nd Street
Austin TX, 78701"
374,"375, Potential Winner
Lamberts - 401 West 2nd Street
Austin TX, 78701"
375,"376, Potential Winner
Lamberts - 401 West 2nd Street
Austin TX, 78701"
376,"377, Potential Winner
Lamberts - 401 West 2nd Street
Austin TX, 78701"
377,"378, Potential Winner
Lamberts - 401 West 2nd Street
Austin TX, 78701"
378,"379, Potential Winner
Lamberts - 401 West 2nd Street
Austin TX, 78701"
379,"380, Potential Winner
Lamberts - 401 West 2nd Street
Austin TX, 78701"
380,"381, Potential Winner
Lamberts - 401 West 2nd Street
Austin TX, 78701"
381,"382, Potential Winner
Lamberts - 401 West 2nd Street
Austin TX, 78701"
382,"383, Potential Winner
Lamberts - 401 West 2nd Street
Austin TX, 78701"
383,"384, Potential Winner
Lamberts - 401 West 2nd Street
Austin TX, 78701"
384,"385, Potential Winner
Lamberts - 401 West 2nd Street
Austin TX, 78701"
385,"386, Potential Winner
Lamberts - 401 West 2nd Street
Austin TX, 78701"
386,"387, Potential Winner
Lamberts - 401 West 2nd Street
Austin TX, 78701"
387,"388, Potential Winner
Lamberts - 401 West 2nd Street
Austin TX, 78701"
388,"389, Potential Winner
Lamberts - 401 West 2nd Street
Austin TX, 78701"
389,"390, Potential Winner
Lamberts - 401 West 2nd Street
Austin TX, 78701"
390,"391, Potential Winner
Lamberts - 401 West 2nd Street
Austin TX, 78701"
391,"392, Potential Winner
Lamberts - 401 West 2nd Street
Austin TX, 78701"
392,"393, Potential Winner
Lamberts - 401 West 2nd Street
Austin TX, 78701"
393,"394, Potential Winner
Lamberts - 401 West 2nd Street
Austin TX, 78701"
394,"395, Potential Winner
Lamberts - 401 West 2nd Street
Austin TX, 78701"
395,"396, Potential Winner
Lamberts - 401 West 2nd Street
Austin TX, 78701"
396,"397, Potential Winner
Lamberts - 401 West 2nd Street
Austin TX, 78701"
397,"398, Potential Winner
Lamberts - 401 West 2nd Street
Austin TX, 78701"
398,"399, Potential Winner
Lamberts - 401 West 2nd Street
Austin TX, 78701"
399,"400, Potential Winner
Lamberts - 401 West 2nd Street
Austin TX, 78701"
400,"401, Potential Winner
Lamberts - 401 West 2nd Street
Austin TX, 78701"
401,"402, Potential Winner
Lamberts - 401 West 2nd Street
Austin TX, 78701"
402,"403, Potential Winner
Lamberts - 401 West 2nd Street
Austin TX, 78701"
403,"404, Potential Winner
Lamberts - 401 West 2nd Street
Austin TX, 78701"
404,"405, Potential Winner
Lamberts - 401 West 2nd Street
Austin TX, 78701"
405,"406, Potential Winner
Lamberts - 401 West 2nd Street
Austin TX, 78701"
406,"407, Potential Winner
Lamberts - 401 West 2nd Street
Austin TX, 78701"
407,"408, Potential Winner
Lamberts - 401 West 2nd Street
Austin TX, 78701"
408,"409, Potential Winner
Lamberts - 401 West 2nd Street
Austin TX, 78701"
409,"410, Potential Winner
Lamberts - 401 West 2nd Street
Austin TX, 78701"
410,"411, Potential Winner
Lamberts - 401 West 2nd Street
Austin TX, 78701"
411,"412, Potential Winner
Lamberts - 401 West 2nd Street
Austin TX, 78701"
412,"413, Potential Winner
Lamberts - 401 West 2nd Street
Austin TX, 78701"
413,"414, Potential Winner
Lamberts - 401 West 2nd Street
Austin TX, 78701"
414,"415, Potential Winner
Lamberts - 401 West 2nd Street
Austin TX, 78701"
415,"416, Potential Winner
Lamberts - 401 West 2nd Street
Austin TX, 78701"
416,"417, Potential Winner
Lamberts - 401 West 2nd Street
Austin TX, 78701"
417,"418, Potential Winner
Lamberts - 401 West 2nd Street
Austin TX, 78701"
418,"419, Potential Winner
Lamberts - 401 West 2nd Street
Austin TX, 78701"
419,"420, Potential Winner
Lamberts - 401 West 2nd Street
Austin TX, 78701"
420,"421, Potential Winner
Lamberts - 401 West 2nd Street
Austin TX, 78701"
421,"422, Potential Winner
Lamberts - 401 West 2nd Street
Austin TX, 78701"
422,"423, Potential Winner
Lamberts - 401 West 2nd Street
Austin TX, 78701"
423,"424, Potential Winner
Lamberts - 401 West 2nd Street
Austin TX, 78701"
424,"425, Potential Winner
Lamberts - 401 West 2nd Street
Austin TX, 78701"
425,"426, Potential Winner
Lamberts - 401 West 2nd Street
Austin TX, 78701"
426,"427, Potential Winner
Lamberts - 401 West 2nd Street
Austin TX, 78701"
427,"428, Potential Winner
Lamberts - 401 West 2nd Street
Austin TX, 78701"
428,"429, Potential Winner
Lamberts - 401 West 2nd Street
Austin TX, 78701"
429,"430, Potential Winner
Lamberts - 401 West 2nd Street
Austin TX, 78701"
430,"431, Potential Winner
Lamberts - 401 West 2nd Street
Austin TX, 78701"
431,"432, Potential Winner
Lamberts - 401 West 2nd Street
Austin TX, 78701"
432,"433, Potential Winner
Lamberts - 401 West 2nd Street
Austin TX, 78701"
433,"434, Potential Winner
Lamberts - 401 West 2nd Street
Austin TX, 78701"
434,"435, Potential Winner
Lamberts - 401 West 2nd Street
Austin TX, 78701"
435,"436, Potential Winner
Lamberts - 401 West 2nd Street
Austin TX, 78701"
436,"437, Potential Winner
Lamberts - 401 West 2nd Street
Austin TX, 78701"
437,"438, Potential Winner
Lamberts - 401 West 2nd Street
Austin TX, 78701"
438,"439, Potential Winner
Lamberts - 401 West 2nd Street
Austin TX, 78701"
439,"440, Potential Winner
Lamberts - 401 West 2nd Street
Austin TX, 78701"
440,"441, Potential Winner
Lamberts - 401 West 2nd Street
Austin TX, 78701"
441,"442, Potential Winner
Lamberts - 401 West 2nd Street
Austin TX, 78701"
442,"443, Potential Winner
Lamberts - 401 West 2nd Street
Austin TX, 78701"
443,"444, Potential Winner
Lamberts - 401 West 2nd Street
Austin TX, 78701"
444,"445, Potential Winner
Lamberts - 401 West 2nd Street
Austin TX, 78701"
445,"446, Potential Winner
Lamberts - 401 West 2nd Street
Austin TX, 78701"
446,"447, Potential Winner
Lamberts - 401 West 2nd Street
Austin TX, 78701"
447,"448, Potential Winner
Lamberts - 401 West 2nd Street
Austin TX, 78701"
448,"449, Potential Winner
Lamberts - 401 West 2nd Street
Austin TX, 78701"
449,"450, Potential Winner
Lamberts - 401 West 2nd Street
Austin TX, 78701"
450,"451, Potential Winner
Lamberts - 401 West 2nd Street
Austin TX, 78701"
451,"452, Potential Winner
Lamberts - 401 West 2nd Street
Austin TX, 78701"
452,"453, Potential Winner
Lamberts - 401 West 2nd Street
Austin TX, 78701"
453,"454, Potential Winner
Lamberts - 401 West 2nd Street
Austin TX, 78701"
454,"455, Potential Winner
Lamberts - 401 West 2nd Street
Austin TX, 78701"
455,"456, Potential Winner
Lamberts - 401 West 2nd Street
Austin TX, 78701"
456,"457, Potential Winner
Lamberts - 401 West 2nd Street
Austin TX, 78701"
457,"458, Potential Winner
Lamberts - 401 West 2nd Street
Austin TX, 78701"
458,"459, Potential Winner
Lamberts - 401 West 2nd Street
Austin TX, 78701"
459,"460, Potential Winner
Lamberts - 401 West 2nd Street
Austin TX, 78701"
460,"461, Potential Winner
Lamberts - 401 West 2nd Street
Austin TX, 78701"
461,"462, Potential Winner
Lamberts - 401 West 2nd Street
Austin TX, 78701"
462,"463, Potential Winner
Lamberts - 401 West 2nd Street
Austin TX, 78701"
463,"464, Potential Winner
Lamberts - 401 West 2nd Street
Austin TX, 78701"
464,"465, Potential Winner
Lamberts - 401 West 2nd Street
Austin TX, 78701"
465,"466, Potential Winner
Lamberts - 401 West 2nd Street
Austin TX, 78701"
466,"467, Potential Winner
Lamberts - 401 West 2nd Street
Austin TX, 78701"
467,"468, Potential Winner
Lamberts - 401 West 2nd Street
Austin TX, 78701"
468,"469, Potential Winner
Lamberts - 401 West 2nd Street
Austin TX, 78701"
469,"470, Potential Winner
Lamberts - 401 West 2nd Street
Austin TX, 78701"
470,"471, Potential Winner
Lamberts - 401 West 2nd Street
Austin TX, 78701"
471,"472, Potential Winner
Lamberts - 401 West 2nd Street
Austin TX, 78701"
472,"473, Potential Winner
Lamberts - 401 West 2nd Street
Austin TX, 78701"
473,"474, Potential Winner
Lamberts - 401 West 2nd Street
Austin TX, 78701"
474,"475, Potential Winner
Lamberts - 401 West 2nd Street
Austin TX, 78701"
475,"476, Potential Winner
Lamberts - 401 West 2nd Street
Austin TX, 78701"
476,"477, Potential Winner
Lamberts - 401 West 2nd Street
Austin TX, 78701"
477,"478, Potential Winner
Lamberts - 401 West 2nd Street
Austin TX, 78701"
478,"479, Potential Winner
Lamberts - 401 West 2nd Street
Austin TX, 78701"
479,"480, Potential Winner
Lamberts - 401 West 2nd Street
Austin TX, 78701"
480,"481, Potential Winner
Lamberts - 401 West 2nd Street
Austin TX, 78701"
481,"482, Potential Winner
Lamberts - 401 West 2nd Street
Austin TX, 78701"
482,"483, Potential Winner
Lamberts - 401 West 2nd Street
Austin TX, 78701"
483,"484, Potential Winner
Lamberts - 401 West 2nd Street
Austin TX, 78701"
484,"485, Potential Winner
Lamberts - 401 West 2nd Street
Austin TX, 78701"
485,"486, Potential Winner
Lamberts - 401 West 2nd Street
Austin TX, 78701"
486,"487, Potential Winner
Lamberts - 401 West 2nd Street
Austin TX, 78701"
487,"488, Potential Winner
Lamberts - 401 West 2nd Street
Austin TX, 78701"
488,"489, Potential Winner
Lamberts - 401 West 2nd Street
Austin TX, 78701"
489,"490, Potential Winner
Lamberts - 401 West 2nd Street
Austin TX, 78701"
490,"491, Potential Winner
Lamberts - 401 West 2nd Street
Austin TX, 78701"
491,"492, Potential Winner
Lamberts - 401 West 2nd Street
Austin TX, 78701"
492,"493, Potential Winner
Lamberts - 401 West 2nd Street
Austin TX, 78701"
493,"494, Potential Winner
Lamberts - 401 West 2nd Street
Austin TX, 78701"
494,"495, Potential Winner
Lamberts - 401 West 2nd Street
Austin TX, 78701"
495,"496, Potential Winner
Lamberts - 401 West 2nd Street
Austin TX, 78701"
496,"497, Potential Winner
Lamberts - 401 West 2nd Street
Austin TX, 78701"
497,"498, Potential Winner
Lamberts - 401 West 2nd Street
Austin TX, 78701"
498,"499, Potential Winner
Lamberts - 401 West 2nd Street
Austin TX, 78701"
499,"500, Potential Winner
Lamberts - 401 West 2nd Street
Austin TX, 78701"
500,"501, Potential Winner
Lamberts - 401 West 2nd Street
Austin TX, 78701"
501,"502, Potential Winner
Lamberts - 401 West 2nd Street
Austin TX, 78701"
502,"503, Potential Winner
Lamberts - 401 West 2nd Street
Austin TX, 78701"
503,"504, Potential Winner
Lamberts - 401 West 2nd Street
Austin TX, 78701"
504,"505, Potential Winner
Lamberts - 401 West 2nd Street
Austin TX, 78701"
505,"506, Potential Winner
Lamberts - 401 West 2nd Street
Austin TX, 78701"
506,"507, Potential Winner
Lamberts - 401 West 2nd Street
Austin TX, 78701"
507,"508, Potential Winner
Lamberts - 401 West 2nd Street
Austin TX, 78701"
508,"509, Potential Winner
Lamberts - 401 West 2nd Street
Austin TX, 78701"
509,"510, Potential Winner
Lamberts - 401 West 2nd Street
Austin TX, 78701"
510,"511, Potential Winner
Lamberts - 401 West 2nd Street
Austin TX, 78701"
511,"512, Potential Winner
Lamberts - 401 West 2nd Street
Austin TX, 78701"
512,"513, Potential Winner
Lamberts - 401 West 2nd Street
Austin TX, 78701"
513,"514, Potential Winner
Lamberts - 401 West 2nd Street
Austin TX, 78701"
514,"515, Potential Winner
Lamberts - 401 West 2nd Street
Austin TX, 78701"
515,"516, Potential Winner
Lamberts - 401 West 2nd Street
Austin TX, 78701"
516,"517, Potential Winner
Lamberts - 401 West 2nd Street
Austin TX, 78701"
517,"518, Potential Winner
Lamberts - 401 West 2nd Street
Austin TX, 78701"
518,"519, Potential Winner
Lamberts - 401 West 2nd Street
Austin TX, 78701"
519,"520, Potential Winner
Lamberts - 401 West 2nd Street
Austin TX, 78701"
520,"521, Potential Winner
Lamberts - 401 West 2nd Street
Austin TX, 78701"
521,"522, Potential Winner
Lamberts - 401 West 2nd Street
Austin TX, 78701"
522,"523, Potential Winner
Lamberts - 401 West 2nd Street
Austin TX, 78701"
523,"524, Potential Winner
Lamberts - 401 West 2nd Street
Austin TX, 78701"
524,"525, Potential Winner
Lamberts - 401 West 2nd Street
Austin TX, 78701"
525,"526, Potential Winner
Lamberts - 401 West 2nd Street
Austin TX, 78701"
526,"527, Potential Winner
Lamberts - 401 West 2nd Street
Austin TX, 78701"
527,"528, Potential Winner
Lamberts - 401 West 2nd Street
Austin TX, 78701"
528,"529, Potential Winner
Lamberts - 401 West 2nd Street
Austin TX, 78701"
529,"530, Potential Winner
Lamberts - 401 West 2nd Street
Austin TX, 78701"
530,"531, Potential Winner
Lamberts - 401 West 2nd Street
Austin TX, 78701"
531,"532, Potential Winner
Lamberts - 401 West 2nd Street
Austin TX, 78701"
532,"533, Potential Winner
Lamberts - 401 West 2nd Street
Austin TX, 78701"
533,"534, Potential Winner
Lamberts - 401 West 2nd Street
Austin TX, 78701"
534,"535, Potential Winner
Lamberts - 401 West 2nd Street
Austin TX, 78701"
535,"536, Potential Winner
Lamberts - 401 West 2nd Street
Austin TX, 78701"
536,"537, Potential Winner
Lamberts - 401 West 2nd Street
Austin TX, 78701"
537,"538, Potential Winner
Lamberts - 401 West 2nd Street
Austin TX, 78701"
538,"539, Potential Winner
Lamberts - 401 West 2nd Street
Austin TX, 78701"
539,"540, Potential Winner
Lamberts - 401 West 2nd Street
Austin TX, 78701"
540,"541, Potential Winner
Lamberts - 401 West 2nd Street
Austin TX, 78701"
541,"542, Potential Winner
Lamberts - 401 West 2nd Street
Austin TX, 78701"
542,"543, Potential Winner
Lamberts - 401 West 2nd Street
Austin TX, 78701"
543,"544, Potential Winner
Lamberts - 401 West 2nd Street
Austin TX, 78701"
544,"545, Potential Winner
Lamberts - 401 West 2nd Street
Austin TX, 78701"
545,"546, Potential Winner
Lamberts - 401 West 2nd Street
Austin TX, 78701"
546,"547, Potential Winner
Lamberts - 401 West 2nd Street
Austin TX, 78701"
547,"548, Potential Winner
Lamberts - 401 West 2nd Street
Austin TX, 78701"
548,"549, Potential Winner
Lamberts - 401 West 2nd Street
Austin TX, 78701"
549,"550, Potential Winner
Lamberts - 401 West 2nd Street
Austin TX, 78701"
550,"551, Potential Winner
Lamberts - 401 West 2nd Street
Austin TX, 78701"
551,"552, Potential Winner
Lamberts - 401 West 2nd Street
Austin TX, 78701"
552,"553, Potential Winner
Lamberts - 401 West 2nd Street
Austin TX, 78701"
553,"554, Potential Winner
Lamberts - 401 West 2nd Street
Austin TX, 78701"
554,"555, Potential Winner
Lamberts - 401 West 2nd Street
Austin TX, 78701"
555,"556, Potential Winner
Lamberts - 401 West 2nd Street
Austin TX, 78701"
556,"557, Potential Winner
Lamberts - 401 West 2nd Street
Austin TX, 78701"
557,"558, Potential Winner
Lamberts - 401 West 2nd Street
Austin TX, 78701"
558,"559, Potential Winner
Lamberts - 401 West 2nd Street
Austin TX, 78701"
559,"560, Potential Winner
Lamberts - 401 West 2nd Street
Austin TX, 78701"
560,"561, Potential Winner
Lamberts - 401 West 2nd Street
Austin TX, 78701"
561,"562, Potential Winner
Lamberts - 401 West 2nd Street
Austin TX, 78701"
562,"563, Potential Winner
Lamberts - 401 West 2nd Street
Austin TX, 78701"
563,"564, Potential Winner
Lamberts - 401 West 2nd Street
Austin TX, 78701"
564,"565, Potential Winner
Lamberts - 401 West 2nd Street
Austin TX, 78701"
565,"566, Potential Winner
Lamberts - 401 West 2nd Street
Austin TX, 78701"
566,"567, Potential Winner
Lamberts - 401 West 2nd Street
Austin TX, 78701"
567,"568, Potential Winner
Lamberts - 401 West 2nd Street
Austin TX, 78701"
568,"569, Potential Winner
Lamberts - 401 West 2nd Street
Austin TX, 78701"
569,"570, Potential Winner
Lamberts - 401 West 2nd Street
Austin TX, 78701"
570,"571, Potential Winner
Lamberts - 401 West 2nd Street
Austin TX, 78701"
571,"572, Potential Winner
Lamberts - 401 West 2nd Street
Austin TX, 78701"
572,"573, Potential Winner
Lamberts - 401 West 2nd Street
Austin TX, 78701"
573,"574, Potential Winner
Lamberts - 401 West 2nd Street
Austin TX, 78701"
574,"575, Potential Winner
Lamberts - 401 West 2nd Street
Austin TX, 78701"
575,"576, Potential Winner
Lamberts - 401 West 2nd Street
Austin TX, 78701"
576,"577, Potential Winner
Lamberts - 401 West 2nd Street
Austin TX, 78701"
577,"578, Potential Winner
Lamberts - 401 West 2nd Street
Austin TX, 78701"
578,"579, Potential Winner
Lamberts - 401 West 2nd Street
Austin TX, 78701"
579,"580, Potential Winner
Lamberts - 401 West 2nd Street
Austin TX, 78701"
580,"581, Potential Winner
Lamberts - 401 West 2nd Street
Austin TX, 78701"
581,"582, Potential Winner
Lamberts - 401 West 2nd Street
Austin TX, 78701"
582,"583, Potential Winner
Lamberts - 401 West 2nd Street
Austin TX, 78701"
583,"584, Potential Winner
Lamberts - 401 West 2nd Street
Austin TX, 78701"
584,"585, Potential Winner
Lamberts - 401 West 2nd Street
Austin TX, 78701"
585,"586, Potential Winner
Lamberts - 401 West 2nd Street
Austin TX, 78701"
586,"587, Potential Winner
Lamberts - 401 West 2nd Street
Austin TX, 78701"
587,"588, Potential Winner
Lamberts - 401 West 2nd Street
Austin TX, 78701"
588,"589, Potential Winner
Lamberts - 401 West 2nd Street
Austin TX, 78701"
589,"590, Potential Winner
Lamberts - 401 West 2nd Street
Austin TX, 78701"
590,"591, Potential Winner
Lamberts - 401 West 2nd Street
Austin TX, 78701"
591,"592, Potential Winner
Lamberts - 401 West 2nd Street
Austin TX, 78701"
592,"593, Potential Winner
Lamberts - 401 West 2nd Street
Austin TX, 78701"
593,"594, Potential Winner
Lamberts - 401 West 2nd Street
Austin TX, 78701"
594,"595, Potential Winner
Lamberts - 401 West 2nd Street
Austin TX, 78701"
595,"596, Potential Winner
Lamberts - 401 West 2nd Street
Austin TX, 78701"
596,"597, Potential Winner
Lamberts - 401 West 2nd Street
Austin TX, 78701"
597,"598, Potential Winner
Lamberts - 401 West 2nd Street
Austin TX, 78701"
598,"599, Potential Winner
Lamberts - 401 West 2nd Street
Austin TX, 78701"
599,"600, Potential Winner
Lamberts - 401 West 2nd Street
Austin TX, 78701"
600,"601, Potential Winner
Lamberts - 401 West 2nd Street
Austin TX, 78701"
601,"602, Potential Winner
Lamberts - 401 West 2nd Street
Austin TX, 78701"
602,"603, Potential Winner
Lamberts - 401 West 2nd Street
Austin TX, 78701"
603,"604, Potential Winner
Lamberts - 401 West 2nd Street
Austin TX, 78701"
604,"605, Potential Winner
Lamberts - 401 West 2nd Street
Austin TX, 78701"
605,"606, Potential Winner
Lamberts - 401 West 2nd Street
Austin TX, 78701"
606,"607, Potential Winner
Lamberts - 401 West 2nd Street
Austin TX, 78701"
607,"608, Potential Winner
Lamberts - 401 West 2nd Street
Austin TX, 78701"
608,"609, Potential Winner
Lamberts - 401 West 2nd Street
Austin TX, 78701"
609,"610, Potential Winner
Lamberts - 401 West 2nd Street
Austin TX, 78701"
610,"611, Potential Winner
Lamberts - 401 West 2nd Street
Austin TX, 78701"
611,"612, Potential Winner
Lamberts - 401 West 2nd Street
Austin TX, 78701"
612,"613, Potential Winner
Lamberts - 401 West 2nd Street
Austin TX, 78701"
613,"614, Potential Winner
Lamberts - 401 West 2nd Street
Austin TX, 78701"
614,"615, Potential Winner
Lamberts - 401 West 2nd Street
Austin TX, 78701"
615,"616, Potential Winner
Lamberts - 401 West 2nd Street
Austin TX, 78701"
616,"617, Potential Winner
Lamberts - 401 West 2nd Street
Austin TX, 78701"
617,"618, Potential Winner
Lamberts - 401 West 2nd Street
Austin TX, 78701"
618,"619, Potential Winner
Lamberts - 401 West 2nd Street
Austin TX, 78701"
619,"620, Potential Winner
Lamberts - 401 West 2nd Street
Austin TX, 78701"
620,"621, Potential Winner
Lamberts - 401 West 2nd Street
Austin TX, 78701"
621,"622, Potential Winner
Lamberts - 401 West 2nd Street
Austin TX, 78701"
622,"623, Potential Winner
Lamberts - 401 West 2nd Street
Austin TX, 78701"
623,"624, Potential Winner
Lamberts - 401 West 2nd Street
Austin TX, 78701"
624,"625, Potential Winner
Lamberts - 401 West 2nd Street
Austin TX, 78701"
625,"626, Potential Winner
Lamberts - 401 West 2nd Street
Austin TX, 78701"
626,"627, Potential Winner
Lamberts - 401 West 2nd Street
Austin TX, 78701"
627,"628, Potential Winner
Lamberts - 401 West 2nd Street
Austin TX, 78701"
628,"629, Potential Winner
Lamberts - 401 West 2nd Street
Austin TX, 78701"
629,"630, Potential Winner
Lamberts - 401 West 2nd Street
Austin TX, 78701"
630,"631, Potential Winner
Lamberts - 401 West 2nd Street
Austin TX, 78701"
631,"632, Potential Winner
Lamberts - 401 West 2nd Street
Austin TX, 78701"
632,"633, Potential Winner
Lamberts - 401 West 2nd Street
Austin TX, 78701"
633,"634, Potential Winner
Lamberts - 401 West 2nd Street
Austin TX, 78701"
634,"635, Potential Winner
Lamberts - 401 West 2nd Street
Austin TX, 78701"
635,"636, Potential Winner
Lamberts - 401 West 2nd Street
Austin TX, 78701"
636,"637, Potential Winner
Lamberts - 401 West 2nd Street
Austin TX, 78701"
637,"638, Potential Winner
Lamberts - 401 West 2nd Street
Austin TX, 78701"
638,"639, Potential Winner
Lamberts - 401 West 2nd Street
Austin TX, 78701"
639,"640, Potential Winner
Lamberts - 401 West 2nd Street
Austin TX, 78701"
640,"641, Potential Winner
Lamberts - 401 West 2nd Street
Austin TX, 78701"
641,"642, Potential Winner
Lamberts - 401 West 2nd Street
Austin TX, 78701"
642,"643, Potential Winner
Lamberts - 401 West 2nd Street
Austin TX, 78701"
643,"644, Potential Winner
Lamberts - 401 West 2nd Street
Austin TX, 78701"
644,"645, Potential Winner
Lamberts - 401 West 2nd Street
Austin TX, 78701"
645,"646, Potential Winner
Lamberts - 401 West 2nd Street
Austin TX, 78701"
646,"647, Potential Winner
Lamberts - 401 West 2nd Street
Austin TX, 78701"
647,"648, Potential Winner
Lamberts - 401 West 2nd Street
Austin TX, 78701"
648,"649, Potential Winner
Lamberts - 401 West 2nd Street
Austin TX, 78701"
649,"650, Potential Winner
Lamberts - 401 West 2nd Street
Austin TX, 78701"
650,"651, Potential Winner
Lamberts - 401 West 2nd Street
Austin TX, 78701"
651,"652, Potential Winner
Lamberts - 401 West 2nd Street
Austin TX, 78701"
652,"653, Potential Winner
Lamberts - 401 West 2nd Street
Austin TX, 78701"
653,"654, Potential Winner
Lamberts - 401 West 2nd Street
Austin TX, 78701"
654,"655, Potential Winner
Lamberts - 401 West 2nd Street
Austin TX, 78701"
655,"656, Potential Winner
Lamberts - 401 West 2nd Street
Austin TX, 78701"
656,"657, Potential Winner
Lamberts - 401 West 2nd Street
Austin TX, 78701"
657,"658, Potential Winner
Lamberts - 401 West 2nd Street
Austin TX, 78701"
658,"659, Potential Winner
Lamberts - 401 West 2nd Street
Austin TX, 78701"
659,"660, Potential Winner
Lamberts - 401 West 2nd Street
Austin TX, 78701"
660,"661, Potential Winner
Lamberts - 401 West 2nd Street
Austin TX, 78701"
661,"662, Potential Winner
Lamberts - 401 West 2nd Street
Austin TX, 78701"
662,"663, Potential Winner
Lamberts - 401 West 2nd Street
Austin TX, 78701"
663,"664, Potential Winner
Lamberts - 401 West 2nd Street
Austin TX, 78701"
664,"665, Potential Winner
Lamberts - 401 West 2nd Street
Austin TX, 78701"
665,"666, Potential Winner
Lamberts - 401 West 2nd Street
Austin TX, 78701"
666,"667, Potential Winner
Lamberts - 401 West 2nd Street
Austin TX, 78701"
667,"668, Potential Winner
Lamberts - 401 West 2nd Street
Austin TX, 78701"
668,"669, Potential Winner
Lamberts - 401 West 2nd Street
Austin TX, 78701"
669,"670, Potential Winner
Lamberts - 401 West 2nd Street
Austin TX, 78701"
670,"671, Potential Winner
Lamberts - 401 West 2nd Street
Austin TX, 78701"
671,"672, Potential Winner
Lamberts - 401 West 2nd Street
Austin TX, 78701"
672,"673, Potential Winner
Lamberts - 401 West 2nd Street
Austin TX, 78701"
673,"674, Potential Winner
Lamberts - 401 West 2nd Street
Austin TX, 78701"
674,"675, Potential Winner
Lamberts - 401 West 2nd Street
Austin TX, 78701"
675,"676, Potential Winner
Lamberts - 401 West 2nd Street
Austin TX, 78701"
676,"677, Potential Winner
Lamberts - 401 West 2nd Street
Austin TX, 78701"
677,"678, Potential Winner
Lamberts - 401 West 2nd Street
Austin TX, 78701"
678,"679, Potential Winner
Lamberts - 401 West 2nd Street
Austin TX, 78701"
679,"680, Potential Winner
Lamberts - 401 West 2nd Street
Austin TX, 78701"
680,"681, Potential Winner
Lamberts - 401 West 2nd Street
Austin TX, 78701"
681,"682, Potential Winner
Lamberts - 401 West 2nd Street
Austin TX, 78701"
682,"683, Potential Winner
Lamberts - 401 West 2nd Street
Austin TX, 78701"
683,"684, Potential Winner
Lamberts - 401 West 2nd Street
Austin TX, 78701"
684,"685, Potential Winner
Lamberts - 401 West 2nd Street
Austin TX, 78701"
685,"686, Potential Winner
Lamberts - 401 West 2nd Street
Austin TX, 78701"
686,"687, Potential Winner
Lamberts - 401 West 2nd Street
Austin TX, 78701"
687,"688, Potential Winner
Lamberts - 401 West 2nd Street
Austin TX, 78701"
688,"689, Potential Winner
Lamberts - 401 West 2nd Street
Austin TX, 78701"
689,"690, Potential Winner
Lamberts - 401 West 2nd Street
Austin TX, 78701"
690,"691, Potential Winner
Lamberts - 401 West 2nd Street
Austin TX, 78701"
691,"692, Potential Winner
Lamberts - 401 West 2nd Street
Austin TX, 78701"
692,"693, Potential Winner
Lamberts - 401 West 2nd Street
Austin TX, 78701"
693,"694, Potential Winner
Lamberts - 401 West 2nd Street
Austin TX, 78701"
694,"695, Potential Winner
Lamberts - 401 West 2nd Street
Austin TX, 78701"
695,"696, Potential Winner
Lamberts - 401 West 2nd Street
Austin TX, 78701"
696,"697, Potential Winner
Lamberts - 401 West 2nd Street
Austin TX, 78701"
697,"698, Potential Winner
Lamberts - 401 West 2nd Street
Austin TX, 78701"
698,"699, Potential Winner
Lamberts - 401 West 2nd Street
Austin TX, 78701"
699,"700, Potential Winner
Lamberts - 401 West 2nd Street
Austin TX, 78701"
700,"701, Potential Winner
Lamberts - 401 West 2nd Street
Austin TX, 78701"
701,"702, Potential Winner
Lamberts - 401 West 2nd Street
Austin TX, 78701"
702,"703, Potential Winner
Lamberts - 401 West 2nd Street
Austin TX, 78701"
703,"704, Potential Winner
Lamberts - 401 West 2nd Street
Austin TX, 78701"
704,"705, Potential Winner
Lamberts - 401 West 2nd Street
Austin TX, 78701"
705,"706, Potential Winner
Lamberts - 401 West 2nd Street
Austin TX, 78701"
706,"707, Potential Winner
Lamberts - 401 West 2nd Street
Austin TX, 78701"
707,"708, Potential Winner
Lamberts - 401 West 2nd Street
Austin TX, 78701"
708,"709, Potential Winner
Lamberts - 401 West 2nd Street
Austin TX, 78701"
709,"710, Potential Winner
Lamberts - 401 West 2nd Street
Austin TX, 78701"
710,"711, Potential Winner
Lamberts - 401 West 2nd Street
Austin TX, 78701"
711,"712, Potential Winner
Lamberts - 401 West 2nd Street
Austin TX, 78701"
712,"713, Potential Winner
Lamberts - 401 West 2nd Street
Austin TX, 78701"
713,"714, Potential Winner
Lamberts - 401 West 2nd Street
Austin TX, 78701"
714,"715, Potential Winner
Lamberts - 401 West 2nd Street
Austin TX, 78701"
715,"716, Potential Winner
Lamberts - 401 West 2nd Street
Austin TX, 78701"
716,"717, Potential Winner
Lamberts - 401 West 2nd Street
Austin TX, 78701"
717,"718, Potential Winner
Lamberts - 401 West 2nd Street
Austin TX, 78701"
718,"719, Potential Winner
Lamberts - 401 West 2nd Street
Austin TX, 78701"
719,"720, Potential Winner
Lamberts - 401 West 2nd Street
Austin TX, 78701"
720,"721, Potential Winner
Lamberts - 401 West 2nd Street
Austin TX, 78701"
721,"722, Potential Winner
Lamberts - 401 West 2nd Street
Austin TX, 78701"
722,"723, Potential Winner
Lamberts - 401 West 2nd Street
Austin TX, 78701"
723,"724, Potential Winner
Lamberts - 401 West 2nd Street
Austin TX, 78701"
724,"725, Potential Winner
Lamberts - 401 West 2nd Street
Austin TX, 78701"
725,"726, Potential Winner
Lamberts - 401 West 2nd Street
Austin TX, 78701"
726,"727, Potential Winner
Lamberts - 401 West 2nd Street
Austin TX, 78701"
727,"728, Potential Winner
Lamberts - 401 West 2nd Street
Austin TX, 78701"
728,"729, Potential Winner
Lamberts - 401 West 2nd Street
Austin TX, 78701"
729,"730, Potential Winner
Lamberts - 401 West 2nd Street
Austin TX, 78701"
730,"731, Potential Winner
Lamberts - 401 West 2nd Street
Austin TX, 78701"
731,"732, Potential Winner
Lamberts - 401 West 2nd Street
Austin TX, 78701"
732,"733, Potential Winner
Lamberts - 401 West 2nd Street
Austin TX, 78701"
733,"734, Potential Winner
Lamberts - 401 West 2nd Street
Austin TX, 78701"
734,"735, Potential Winner
Lamberts - 401 West 2nd Street
Austin TX, 78701"
735,"736, Potential Winner
Lamberts - 401 West 2nd Street
Austin TX, 78701"
736,"737, Potential Winner
Lamberts - 401 West 2nd Street
Austin TX, 78701"
737,"738, Potential Winner
Lamberts - 401 West 2nd Street
Austin TX, 78701"
738,"739, Potential Winner
Lamberts - 401 West 2nd Street
Austin TX, 78701"
739,"740, Potential Winner
Lamberts - 401 West 2nd Street
Austin TX, 78701"
740,"741, Potential Winner
Lamberts - 401 West 2nd Street
Austin TX, 78701"
741,"742, Potential Winner
Lamberts - 401 West 2nd Street
Austin TX, 78701"
742,"743, Potential Winner
Lamberts - 401 West 2nd Street
Austin TX, 78701"
743,"744, Potential Winner
Lamberts - 401 West 2nd Street
Austin TX, 78701"
744,"745, Potential Winner
Lamberts - 401 West 2nd Street
Austin TX, 78701"
745,"746, Potential Winner
Lamberts - 401 West 2nd Street
Austin TX, 78701"
746,"747, Potential Winner
Lamberts - 401 West 2nd Street
Austin TX, 78701"
747,"748, Potential Winner
Lamberts - 401 West 2nd Street
Austin TX, 78701"
748,"749, Potential Winner
Lamberts - 401 West 2nd Street
Austin TX, 78701"
749,"750, Potential Winner
Lamberts - 401 West 2nd Street
Austin TX, 78701"
750,"751, Potential Winner
Lamberts - 401 West 2nd Street
Austin TX, 78701"
751,"752, Potential Winner
Lamberts - 401 West 2nd Street
Austin TX, 78701"
752,"753, Potential Winner
Lamberts - 401 West 2nd Street
Austin TX, 78701"
753,"754, Potential Winner
Lamberts - 401 West 2nd Street
Austin TX, 78701"
754,"755, Potential Winner
Lamberts - 401 West 2nd Street
Austin TX, 78701"
755,"756, Potential Winner
Lamberts - 401 West 2nd Street
Austin TX, 78701"
756,"757, Potential Winner
Lamberts - 401 West 2nd Street
Austin TX, 78701"
757,"758, Potential Winner
Lamberts - 401 West 2nd Street
Austin TX, 78701"
758,"759, Potential Winner
Lamberts - 401 West 2nd Street
Austin TX, 78701"
759,"760, Potential Winner
Lamberts - 401 West 2nd Street
Austin TX, 78701"
760,"761, Potential Winner
Lamberts - 401 West 2nd Street
Austin TX, 78701"
761,"762, Potential Winner
Lamberts - 401 West 2nd Street
Austin TX, 78701"
762,"763, Potential Winner
Lamberts - 401 West 2nd Street
Austin TX, 78701"
763,"764, Potential Winner
Lamberts - 401 West 2nd Street
Austin TX, 78701"
764,"765, Potential Winner
Lamberts - 401 West 2nd Street
Austin TX, 78701"
765,"766, Potential Winner
Lamberts - 401 West 2nd Street
Austin TX, 78701"
766,"767, Potential Winner
Lamberts - 401 West 2nd Street
Austin TX, 78701"
767,"768, Potential Winner
Lamberts - 401 West 2nd Street
Austin TX, 78701"
768,"769, Potential Winner
Lamberts - 401 West 2nd Street
Austin TX, 78701"
769,"770, Potential Winner
Lamberts - 401 West 2nd Street
Austin TX, 78701"
770,"771, Potential Winner
Lamberts - 401 West 2nd Street
Austin TX, 78701"
771,"772, Potential Winner
Lamberts - 401 West 2nd Street
Austin TX, 78701"
772,"773, Potential Winner
Lamberts - 401 West 2nd Street
Austin TX, 78701"
773,"774, Potential Winner
Lamberts - 401 West 2nd Street
Austin TX, 78701"
774,"775, Potential Winner
Lamberts - 401 West 2nd Street
Austin TX, 78701"
775,"776, Potential Winner
Lamberts - 401 West 2nd Street
Austin TX, 78701"
776,"777, Potential Winner
Lamberts - 401 West 2nd Street
Austin TX, 78701"
777,"778, Potential Winner
Lamberts - 401 West 2nd Street
Austin TX, 78701"
778,"779, Potential Winner
Lamberts - 401 West 2nd Street
Austin TX, 78701"
779,"780, Potential Winner
Lamberts - 401 West 2nd Street
Austin TX, 78701"
780,"781, Potential Winner
Lamberts - 401 West 2nd Street
Austin TX, 78701"
781,"782, Potential Winner
Lamberts - 401 West 2nd Street
Austin TX, 78701"
782,"783, Potential Winner
Lamberts - 401 West 2nd Street
Austin TX, 78701"
783,"784, Potential Winner
Lamberts - 401 West 2nd Street
Austin TX, 78701"
784,"785, Potential Winner
Lamberts - 401 West 2nd Street
Austin TX, 78701"
785,"786, Potential Winner
Lamberts - 401 West 2nd Street
Austin TX, 78701"
786,"787, Potential Winner
Lamberts - 401 West 2nd Street
Austin TX, 78701"
787,"788, Potential Winner
Lamberts - 401 West 2nd Street
Austin TX, 78701"
788,"789, Potential Winner
Lamberts - 401 West 2nd Street
Austin TX, 78701"
789,"790, Potential Winner
Lamberts - 401 West 2nd Street
Austin TX, 78701"
790,"791, Potential Winner
Lamberts - 401 West 2nd Street
Austin TX, 78701"
791,"792, Potential Winner
Lamberts - 401 West 2nd Street
Austin TX, 78701"
792,"793, Potential Winner
Lamberts - 401 West 2nd Street
Austin TX, 78701"
793,"794, Potential Winner
Lamberts - 401 West 2nd Street
Austin TX, 78701"
794,"795, Potential Winner
Lamberts - 401 West 2nd Street
Austin TX, 78701"
795,"796, Potential Winner
Lamberts - 401 West 2nd Street
Austin TX, 78701"
796,"797, Potential Winner
Lamberts - 401 West 2nd Street
Austin TX, 78701"
797,"798, Potential Winner
Lamberts - 401 West 2nd Street
Austin TX, 78701"
798,"799, Potential Winner
Lamberts - 401 West 2nd Street
Austin TX, 78701"
799,"800, Potential Winner
Lamberts - 401 West 2nd Street
Austin TX, 78701"
800,"801, Potential Winner
Lamberts - 401 West 2nd Street
Austin TX, 78701"
801,"802, Potential Winner
Lamberts - 401 West 2nd Street
Austin TX, 78701"
802,"803, Potential Winner
Lamberts - 401 West 2nd Street
Austin TX, 78701"
803,"804, Potential Winner
Lamberts - 401 West 2nd Street
Austin TX, 78701"
804,"805, Potential Winner
Lamberts - 401 West 2nd Street
Austin TX, 78701"
805,"806, Potential Winner
Lamberts - 401 West 2nd Street
Austin TX, 78701"
806,"807, Potential Winner
Lamberts - 401 West 2nd Street
Austin TX, 78701"
807,"808, Potential Winner
Lamberts - 401 West 2nd Street
Austin TX, 78701"
808,"809, Potential Winner
Lamberts - 401 West 2nd Street
Austin TX, 78701"
809,"810, Potential Winner
Lamberts - 401 West 2nd Street
Austin TX, 78701"
810,"811, Potential Winner
Lamberts - 401 West 2nd Street
Austin TX, 78701"
811,"812, Potential Winner
Lamberts - 401 West 2nd Street
Austin TX, 78701"
812,"813, Potential Winner
Lamberts - 401 West 2nd Street
Austin TX, 78701"
813,"814, Potential Winner
Lamberts - 401 West 2nd Street
Austin TX, 78701"
814,"815, Potential Winner
Lamberts - 401 West 2nd Street
Austin TX, 78701"
815,"816, Potential Winner
Lamberts - 401 West 2nd Street
Austin TX, 78701"
816,"817, Potential Winner
Lamberts - 401 West 2nd Street
Austin TX, 78701"
817,"818, Potential Winner
Lamberts - 401 West 2nd Street
Austin TX, 78701"
818,"819, Potential Winner
Lamberts - 401 West 2nd Street
Austin TX, 78701"
819,"820, Potential Winner
Lamberts - 401 West 2nd Street
Austin TX, 78701"
820,"821, Potential Winner
Lamberts - 401 West 2nd Street
Austin TX, 78701"
821,"822, Potential Winner
Lamberts - 401 West 2nd Street
Austin TX, 78701"
822,"823, Potential Winner
Lamberts - 401 West 2nd Street
Austin TX, 78701"
823,"824, Potential Winner
Lamberts - 401 West 2nd Street
Austin TX, 78701"
824,"825, Potential Winner
Lamberts - 401 West 2nd Street
Austin TX, 78701"
825,"826, Potential Winner
Lamberts - 401 West 2nd Street
Austin TX, 78701"
826,"827, Potential Winner
Lamberts - 401 West 2nd Street
Austin TX, 78701"
827,"828, Potential Winner
Lamberts - 401 West 2nd Street
Austin TX, 78701"
828,"829, Potential Winner
Lamberts - 401 West 2nd Street
Austin TX, 78701"
829,"830, Potential Winner
Lamberts - 401 West 2nd Street
Austin TX, 78701"
830,"831, Potential Winner
Lamberts - 401 West 2nd Street
Austin TX, 78701"
831,"832, Potential Winner
Lamberts - 401 West 2nd Street
Austin TX, 78701"
832,"833, Potential Winner
Lamberts - 401 West 2nd Street
Austin TX, 78701"
833,"834, Potential Winner
Lamberts - 401 West 2nd Street
Austin TX, 78701"
834,"835, Potential Winner
Lamberts - 401 West 2nd Street
Austin TX, 78701"
835,"836, Potential Winner
Lamberts - 401 West 2nd Street
Austin TX, 78701"
836,"837, Potential Winner
Lamberts - 401 West 2nd Street
Austin TX, 78701"
837,"838, Potential Winner
Lamberts - 401 West 2nd Street
Austin TX, 78701"
838,"839, Potential Winner
Lamberts - 401 West 2nd Street
Austin TX, 78701"
839,"840, Potential Winner
Lamberts - 401 West 2nd Street
Austin TX, 78701"
840,"841, Potential Winner
Lamberts - 401 West 2nd Street
Austin TX, 78701"
841,"842, Potential Winner
Lamberts - 401 West 2nd Street
Austin TX, 78701"
842,"843, Potential Winner
Lamberts - 401 West 2nd Street
Austin TX, 78701"
843,"844, Potential Winner
Lamberts - 401 West 2nd Street
Austin TX, 78701"
844,"845, Potential Winner
Lamberts - 401 West 2nd Street
Austin TX, 78701"
845,"846, Potential Winner
Lamberts - 401 West 2nd Street
Austin TX, 78701"
846,"847, Potential Winner
Lamberts - 401 West 2nd Street
Austin TX, 78701"
847,"848, Potential Winner
Lamberts - 401 West 2nd Street
Austin TX, 78701"
848,"849, Potential Winner
Lamberts - 401 West 2nd Street
Austin TX, 78701"
849,"850, Potential Winner
Lamberts - 401 West 2nd Street
Austin TX, 78701"
850,"851, Potential Winner
Lamberts - 401 West 2nd Street
Austin TX, 78701"
851,"852, Potential Winner
Lamberts - 401 West 2nd Street
Austin TX, 78701"
852,"853, Potential Winner
Lamberts - 401 West 2nd Street
Austin TX, 78701"
853,"854, Potential Winner
Lamberts - 401 West 2nd Street
Austin TX, 78701"
854,"855, Potential Winner
Lamberts - 401 West 2nd Street
Austin TX, 78701"
855,"856, Potential Winner
Lamberts - 401 West 2nd Street
Austin TX, 78701"
856,"857, Potential Winner
Lamberts - 401 West 2nd Street
Austin TX, 78701"
857,"858, Potential Winner
Lamberts - 401 West 2nd Street
Austin TX, 78701"
858,"859, Potential Winner
Lamberts - 401 West 2nd Street
Austin TX, 78701"
859,"860, Potential Winner
Lamberts - 401 West 2nd Street
Austin TX, 78701"
860,"861, Potential Winner
Lamberts - 401 West 2nd Street
Austin TX, 78701"
861,"862, Potential Winner
Lamberts - 401 West 2nd Street
Austin TX, 78701"
862,"863, Potential Winner
Lamberts - 401 West 2nd Street
Austin TX, 78701"
863,"864, Potential Winner
Lamberts - 401 West 2nd Street
Austin TX, 78701"
864,"865, Potential Winner
Lamberts - 401 West 2nd Street
Austin TX, 78701"
865,"866, Potential Winner
Lamberts - 401 West 2nd Street
Austin TX, 78701"
866,"867, Potential Winner
Lamberts - 401 West 2nd Street
Austin TX, 78701"
867,"868, Potential Winner
Lamberts - 401 West 2nd Street
Austin TX, 78701"
868,"869, Potential Winner
Lamberts - 401 West 2nd Street
Austin TX, 78701"
869,"870, Potential Winner
Lamberts - 401 West 2nd Street
Austin TX, 78701"
870,"871, Potential Winner
Lamberts - 401 West 2nd Street
Austin TX, 78701"
871,"872, Potential Winner
Lamberts - 401 West 2nd Street
Austin TX, 78701"
872,"873, Potential Winner
Lamberts - 401 West 2nd Street
Austin TX, 78701"
873,"874, Potential Winner
Lamberts - 401 West 2nd Street
Austin TX, 78701"
874,"875, Potential Winner
Lamberts - 401 West 2nd Street
Austin TX, 78701"
875,"876, Potential Winner
Lamberts - 401 West 2nd Street
Austin TX, 78701"
876,"877, Potential Winner
Lamberts - 401 West 2nd Street
Austin TX, 78701"
877,"878, Potential Winner
Lamberts - 401 West 2nd Street
Austin TX, 78701"
878,"879, Potential Winner
Lamberts - 401 West 2nd Street
Austin TX, 78701"
879,"880, Potential Winner
Lamberts - 401 West 2nd Street
Austin TX, 78701"
880,"881, Potential Winner
Lamberts - 401 West 2nd Street
Austin TX, 78701"
881,"882, Potential Winner
Lamberts - 401 West 2nd Street
Austin TX, 78701"
882,"883, Potential Winner
Lamberts - 401 West 2nd Street
Austin TX, 78701"
883,"884, Potential Winner
Lamberts - 401 West 2nd Street
Austin TX, 78701"
884,"885, Potential Winner
Lamberts - 401 West 2nd Street
Austin TX, 78701"
885,"886, Potential Winner
Lamberts - 401 West 2nd Street
Austin TX, 78701"
886,"887, Potential Winner
Lamberts - 401 West 2nd Street
Austin TX, 78701"
887,"888, Potential Winner
Lamberts - 401 West 2nd Street
Austin TX, 78701"
888,"889, Potential Winner
Lamberts - 401 West 2nd Street
Austin TX, 78701"
889,"890, Potential Winner
Lamberts - 401 West 2nd Street
Austin TX, 78701"
890,"891, Potential Winner
Lamberts - 401 West 2nd Street
Austin TX, 78701"
891,"892, Potential Winner
Lamberts - 401 West 2nd Street
Austin TX, 78701"
892,"893, Potential Winner
Lamberts - 401 West 2nd Street
Austin TX, 78701"
893,"894, Potential Winner
Lamberts - 401 West 2nd Street
Austin TX, 78701"
894,"895, Potential Winner
Lamberts - 401 West 2nd Street
Austin TX, 78701"
895,"896, Potential Winner
Lamberts - 401 West 2nd Street
Austin TX, 78701"
896,"897, Potential Winner
Lamberts - 401 West 2nd Street
Austin TX, 78701"
897,"898, Potential Winner
Lamberts - 401 West 2nd Street
Austin TX, 78701"
898,"899, Potential Winner
Lamberts - 401 West 2nd Street
Austin TX, 78701"
899,"900, Potential Winner
Lamberts - 401 West 2nd Street
Austin TX, 78701"
900,"901, Potential Winner
Lamberts - 401 West 2nd Street
Austin TX, 78701"
901,"902, Potential Winner
Lamberts - 401 West 2nd Street
Austin TX, 78701"
902,"903, Potential Winner
Lamberts - 401 West 2nd Street
Austin TX, 78701"
903,"904, Potential Winner
Lamberts - 401 West 2nd Street
Austin TX, 78701"
904,"905, Potential Winner
Lamberts - 401 West 2nd Street
Austin TX, 78701"
905,"906, Potential Winner
Lamberts - 401 West 2nd Street
Austin TX, 78701"
906,"907, Potential Winner
Lamberts - 401 West 2nd Street
Austin TX, 78701"
907,"908, Potential Winner
Lamberts - 401 West 2nd Street
Austin TX, 78701"
908,"909, Potential Winner
Lamberts - 401 West 2nd Street
Austin TX, 78701"
909,"910, Potential Winner
Lamberts - 401 West 2nd Street
Austin TX, 78701"
910,"911, Potential Winner
Lamberts - 401 West 2nd Street
Austin TX, 78701"
911,"912, Potential Winner
Lamberts - 401 West 2nd Street
Austin TX, 78701"
912,"913, Potential Winner
Lamberts - 401 West 2nd Street
Austin TX, 78701"
913,"914, Potential Winner
Lamberts - 401 West 2nd Street
Austin TX, 78701"
914,"915, Potential Winner
Lamberts - 401 West 2nd Street
Austin TX, 78701"
915,"916, Potential Winner
Lamberts - 401 West 2nd Street
Austin TX, 78701"
916,"917, Potential Winner
Lamberts - 401 West 2nd Street
Austin TX, 78701"
917,"918, Potential Winner
Lamberts - 401 West 2nd Street
Austin TX, 78701"
918,"919, Potential Winner
Lamberts - 401 West 2nd Street
Austin TX, 78701"
919,"920, Potential Winner
Lamberts - 401 West 2nd Street
Austin TX, 78701"
920,"921, Potential Winner
Lamberts - 401 West 2nd Street
Austin TX, 78701"
921,"922, Potential Winner
Lamberts - 401 West 2nd Street
Austin TX, 78701"
922,"923, Potential Winner
Lamberts - 401 West 2nd Street
Austin TX, 78701"
923,"924, Potential Winner
Lamberts - 401 West 2nd Street
Austin TX, 78701"
924,"925, Potential Winner
Lamberts - 401 West 2nd Street
Austin TX, 78701"
925,"926, Potential Winner
Lamberts - 401 West 2nd Street
Austin TX, 78701"
926,"927, Potential Winner
Lamberts - 401 West 2nd Street
Austin TX, 78701"
927,"928, Potential Winner
Lamberts - 401 West 2nd Street
Austin TX, 78701"
928,"929, Potential Winner
Lamberts - 401 West 2nd Street
Austin TX, 78701"
929,"930, Potential Winner
Lamberts - 401 West 2nd Street
Austin TX, 78701"
930,"931, Potential Winner
Lamberts - 401 West 2nd Street
Austin TX, 78701"
931,"932, Potential Winner
Lamberts - 401 West 2nd Street
Austin TX, 78701"
932,"933, Potential Winner
Lamberts - 401 West 2nd Street
Austin TX, 78701"
933,"934, Potential Winner
Lamberts - 401 West 2nd Street
Austin TX, 78701"
934,"935, Potential Winner
Lamberts - 401 West 2nd Street
Austin TX, 78701"
935,"936, Potential Winner
Lamberts - 401 West 2nd Street
Austin TX, 78701"
936,"937, Potential Winner
Lamberts - 401 West 2nd Street
Austin TX, 78701"
937,"938, Potential Winner
Lamberts - 401 West 2nd Street
Austin TX, 78701"
938,"939, Potential Winner
Lamberts - 401 West 2nd Street
Austin TX, 78701"
939,"940, Potential Winner
Lamberts - 401 West 2nd Street
Austin TX, 78701"
940,"941, Potential Winner
Lamberts - 401 West 2nd Street
Austin TX, 78701"
941,"942, Potential Winner
Lamberts - 401 West 2nd Street
Austin TX, 78701"
942,"943, Potential Winner
Lamberts - 401 West 2nd Street
Austin TX, 78701"
943,"944, Potential Winner
Lamberts - 401 West 2nd Street
Austin TX, 78701"
944,"945, Potential Winner
Lamberts - 401 West 2nd Street
Austin TX, 78701"
945,"946, Potential Winner
Lamberts - 401 West 2nd Street
Austin TX, 78701"
946,"947, Potential Winner
Lamberts - 401 West 2nd Street
Austin TX, 78701"
947,"948, Potential Winner
Lamberts - 401 West 2nd Street
Austin TX, 78701"
948,"949, Potential Winner
Lamberts - 401 West 2nd Street
Austin TX, 78701"
949,"950, Potential Winner
Lamberts - 401 West 2nd Street
Austin TX, 78701"
950,"951, Potential Winner
Lamberts - 401 West 2nd Street
Austin TX, 78701"
951,"952, Potential Winner
Lamberts - 401 West 2nd Street
Austin TX, 78701"
952,"953, Potential Winner
Lamberts - 401 West 2nd Street
Austin TX, 78701"
953,"954, Potential Winner
Lamberts - 401 West 2nd Street
Austin TX, 78701"
954,"955, Potential Winner
Lamberts - 401 West 2nd Street
Austin TX, 78701"
955,"956, Potential Winner
Lamberts - 401 West 2nd Street
Austin TX, 78701"
956,"957, Potential Winner
Lamberts - 401 West 2nd Street
Austin TX, 78701"
957,"958, Potential Winner
Lamberts - 401 West 2nd Street
Austin TX, 78701"
958,"959, Potential Winner
Lamberts - 401 West 2nd Street
Austin TX, 78701"
959,"960, Potential Winner
Lamberts - 401 West 2nd Street
Austin TX, 78701"
960,"961, Potential Winner
Lamberts - 401 West 2nd Street
Austin TX, 78701"
961,"962, Potential Winner
Lamberts - 401 West 2nd Street
Austin TX, 78701"
962,"963, Potential Winner
Lamberts - 401 West 2nd Street
Austin TX, 78701"
963,"964, Potential Winner
Lamberts - 401 West 2nd Street
Austin TX, 78701"
964,"965, Potential Winner
Lamberts - 401 West 2nd Street
Austin TX, 78701"
965,"966, Potential Winner
Lamberts - 401 West 2nd Street
Austin TX, 78701"
966,"967, Potential Winner
Lamberts - 401 West 2nd Street
Austin TX, 78701"
967,"968, Potential Winner
Lamberts - 401 West 2nd Street
Austin TX, 78701"
968,"969, Potential Winner
Lamberts - 401 West 2nd Street
Austin TX, 78701"
969,"970, Potential Winner
Lamberts - 401 West 2nd Street
Austin TX, 78701"
970,"971, Potential Winner
Lamberts - 401 West 2nd Street
Austin TX, 78701"
971,"972, Potential Winner
Lamberts - 401 West 2nd Street
Austin TX, 78701"
972,"973, Potential Winner
Lamberts - 401 West 2nd Street
Austin TX, 78701"
973,"974, Potential Winner
Lamberts - 401 West 2nd Street
Austin TX, 78701"
974,"975, Potential Winner
Lamberts - 401 West 2nd Street
Austin TX, 78701"
975,"976, Potential Winner
Lamberts - 401 West 2nd Street
Austin TX, 78701"
976,"977, Potential Winner
Lamberts - 401 West 2nd Street
Austin TX, 78701"
977,"978, Potential Winner
Lamberts - 401 West 2nd Street
Austin TX, 78701"
978,"979, Potential Winner
Lamberts - 401 West 2nd Street
Austin TX, 78701"
979,"980, Potential Winner
Lamberts - 401 West 2nd Street
Austin TX, 78701"
980,"981, Potential Winner
Lamberts - 401 West 2nd Street
Austin TX, 78701"
981,"982, Potential Winner
Lamberts - 401 West 2nd Street
Austin TX, 78701"
982,"983, Potential Winner
Lamberts - 401 West 2nd Street
Austin TX, 78701"
983,"984, Potential Winner
Lamberts - 401 West 2nd Street
Austin TX, 78701"
984,"985, Potential Winner
Lamberts - 401 West 2nd Street
Austin TX, 78701"
985,"986, Potential Winner
Lamberts - 401 West 2nd Street
Austin TX, 78701"
986,"987, Potential Winner
Lamberts - 401 West 2nd Street
Austin TX, 78701"
987,"988, Potential Winner
Lamberts - 401 West 2nd Street
Austin TX, 78701"
988,"989, Potential Winner
Lamberts - 401 West 2nd Street
Austin TX, 78701"
989,"990, Potential Winner
Lamberts - 401 West 2nd Street
Austin TX, 78701"
990,"991, Potential Winner
Lamberts - 401 West 2nd Street
Austin TX, 78701"
991,"992, Potential Winner
Lamberts - 401 West 2nd Street
Austin TX, 78701"
992,"993, Potential Winner
Lamberts - 401 West 2nd Street
Austin TX, 78701"
993,"994, Potential Winner
Lamberts - 401 West 2nd Street
Austin TX, 78701"
994,"995, Potential Winner
Lamberts - 401 West 2nd Street
Austin TX, 78701"
995,"996, Potential Winner
Lamberts - 401 West 2nd Street
Austin TX, 78701"
996,"997, Potential Winner
Lamberts - 401 West 2nd Street
Austin TX, 78701"
997,"998, Potential Winner
Lamberts - 401 West 2nd Street
Austin TX, 78701"
998,"999, Potential Winner
Lamberts - 401 West 2nd Street
Austin TX, 78701"
999,"1000, Potential Winner
Lamberts - 401 West 2nd Street
Austin TX, 78701"
